median_income,median_house_value,ocean_proximity
3.7557,109400.0,NEAR OCEAN
1.9797,85800.0,NEAR OCEAN
2.4805,73200.0,NEAR OCEAN
2.5795,68400.0,NEAR OCEAN
1.6654,74600.0,NEAR OCEAN
1.7038,78300.0,NEAR OCEAN
2.0074,66900.0,NEAR OCEAN
2.4605,105900.0,NEAR OCEAN
2.1829,69500.0,NEAR OCEAN
2.275,122400.0,NEAR OCEAN
2.1336,75000.0,NEAR OCEAN
3.0313,103600.0,NEAR OCEAN
2.2868,103100.0,NEAR OCEAN
2.0202,71100.0,NEAR OCEAN
0.957,60000.0,NEAR OCEAN
1.7308,80500.0,NEAR OCEAN
1.7778,76900.0,NEAR OCEAN
1.585,75500.0,NEAR OCEAN
1.8529,62500.0,NEAR OCEAN
2.2566,92700.0,NEAR OCEAN
2.5417,85400.0,NEAR OCEAN
1.6369,68300.0,NEAR OCEAN
1.8242,70000.0,NEAR OCEAN
1.745,70500.0,NEAR OCEAN
1.4668,64600.0,NEAR OCEAN
1.9688,70500.0,NEAR OCEAN
2.9038,82000.0,NEAR OCEAN
2.8529,85600.0,NEAR OCEAN
2.2227,81300.0,NEAR OCEAN
2.5536,70200.0,NEAR OCEAN
2.5096,72200.0,NEAR OCEAN
2.1607,67000.0,NEAR OCEAN
4.8516,116100.0,NEAR OCEAN
2.8056,82800.0,NEAR OCEAN
2.442,69000.0,NEAR OCEAN
1.75,67500.0,NEAR OCEAN
2.5,72600.0,NEAR OCEAN
1.755,74100.0,NEAR OCEAN
1.6111,74700.0,NEAR OCEAN
1.1386,74100.0,NEAR OCEAN
2.4896,81000.0,NEAR OCEAN
3.1711,104200.0,NEAR OCEAN
3.8,81800.0,NEAR OCEAN
2.1135,90600.0,NEAR OCEAN
3.0216,86400.0,NEAR OCEAN
3.4219,92800.0,NEAR OCEAN
2.9143,99600.0,NEAR OCEAN
3.375,100600.0,NEAR OCEAN
3.3984,90000.0,NEAR OCEAN
2.5536,96100.0,NEAR OCEAN
2.1101,86900.0,NEAR OCEAN
2.2478,81100.0,NEAR OCEAN
2.8833,83000.0,NEAR OCEAN
3.5833,92800.0,NEAR OCEAN
3.2216,98100.0,NEAR OCEAN
3.5156,143000.0,NEAR OCEAN
1.1157,150000.0,NEAR OCEAN
1.1742,75000.0,NEAR OCEAN
1.1576,87500.0,NEAR OCEAN
2.2138,99200.0,NEAR OCEAN
1.1479,101100.0,NEAR OCEAN
2.2188,105800.0,NEAR OCEAN
0.7684,153100.0,NEAR OCEAN
1.725,57500.0,NEAR OCEAN
2.0657,81100.0,NEAR OCEAN
1.5326,74100.0,NEAR OCEAN
2.4321,82100.0,NEAR OCEAN
2.7321,92600.0,NEAR OCEAN
3.3462,50800.0,NEAR OCEAN
2.5667,139500.0,NEAR OCEAN
1.6667,78800.0,NEAR OCEAN
2.0156,62800.0,NEAR OCEAN
2.4708,119400.0,NEAR OCEAN
3.0208,143400.0,NEAR OCEAN
1.9741,97900.0,NEAR OCEAN
2.1726,75500.0,NEAR OCEAN
2.6847,111300.0,NEAR OCEAN
3.1406,96000.0,NEAR OCEAN
2.96,81700.0,NEAR OCEAN
2.5893,99600.0,NEAR OCEAN
3.5076,73600.0,NEAR OCEAN
2.7639,90200.0,NEAR OCEAN
2.3147,70100.0,NEAR OCEAN
2.8182,126900.0,NEAR OCEAN
5.0329,165600.0,NEAR OCEAN
1.8993,78400.0,NEAR OCEAN
2.9911,119700.0,NEAR OCEAN
3.9659,111800.0,NEAR OCEAN
4.0357,128900.0,NEAR OCEAN
2.8446,100500.0,NEAR OCEAN
4.2054,130600.0,NEAR OCEAN
3.5363,90100.0,NEAR OCEAN
1.6528,58100.0,NEAR OCEAN
2.5179,79000.0,NEAR OCEAN
3.0536,107000.0,NEAR OCEAN
2.8958,86400.0,NEAR OCEAN
2.5804,92100.0,NEAR OCEAN
2.4519,85100.0,NEAR OCEAN
2.0938,79600.0,NEAR OCEAN
4.025,128100.0,NEAR OCEAN
1.5625,66800.0,NEAR OCEAN
2.178,76800.0,NEAR OCEAN
2.3571,111400.0,NEAR OCEAN
3.0806,106700.0,NEAR OCEAN
3.0147,94600.0,NEAR OCEAN
1.9417,76100.0,NEAR OCEAN
2.625,135600.0,NEAR OCEAN
7.9096,500001.0,NEAR OCEAN
2.375,128000.0,NEAR OCEAN
3.6161,131300.0,NEAR OCEAN
1.3333,187500.0,NEAR OCEAN
2.0458,174500.0,NEAR OCEAN
2.7143,138100.0,NEAR OCEAN
2.7308,150400.0,NEAR OCEAN
1.9208,139800.0,NEAR OCEAN
1.9923,164700.0,NEAR OCEAN
2.5588,350000.0,NEAR OCEAN
2.0956,154700.0,NEAR OCEAN
1.4444,182100.0,NEAR OCEAN
2.25,152300.0,NEAR OCEAN
2.1311,163100.0,NEAR OCEAN
2.4545,164200.0,NEAR OCEAN
1.9964,150600.0,NEAR OCEAN
1.5369,141300.0,NEAR OCEAN
3.125,112500.0,NEAR OCEAN
2.45,186800.0,NEAR OCEAN
1.8393,187500.0,NEAR OCEAN
1.5394,200000.0,NEAR OCEAN
1.2276,208300.0,NEAR OCEAN
0.7591,350000.0,NEAR OCEAN
4.4671,270800.0,NEAR OCEAN
4.5074,350000.0,NEAR OCEAN
4.3472,351200.0,NEAR OCEAN
2.5795,192400.0,NEAR OCEAN
2.7031,218900.0,NEAR OCEAN
2.1473,195300.0,NEAR OCEAN
2.2188,306700.0,NEAR OCEAN
2.75,238300.0,NEAR OCEAN
2.0329,225800.0,NEAR OCEAN
2.5759,225000.0,NEAR OCEAN
2.1382,242300.0,NEAR OCEAN
3.3616,268500.0,NEAR OCEAN
2.7451,255400.0,NEAR OCEAN
2.9386,260500.0,NEAR OCEAN
5.0874,368500.0,NEAR OCEAN
5.249,351900.0,NEAR OCEAN
3.9167,285200.0,NEAR OCEAN
4.194,293900.0,NEAR OCEAN
4.2059,350000.0,NEAR OCEAN
1.8584,248100.0,NEAR OCEAN
2.0469,234500.0,NEAR OCEAN
2.1935,243200.0,NEAR OCEAN
1.9167,227200.0,NEAR OCEAN
2.7139,231700.0,NEAR OCEAN
3.1932,257500.0,NEAR OCEAN
3.4474,253400.0,NEAR OCEAN
3.3397,267800.0,NEAR OCEAN
3.5694,276400.0,NEAR OCEAN
4.1812,321500.0,NEAR OCEAN
4.1451,326700.0,NEAR OCEAN
4.7216,311900.0,NEAR OCEAN
5.4533,409800.0,NEAR OCEAN
7.6886,500001.0,NEAR OCEAN
6.4246,446700.0,NEAR OCEAN
3.7596,300000.0,NEAR OCEAN
5.3074,401900.0,NEAR OCEAN
6.2028,361500.0,NEAR OCEAN
3.1071,464300.0,NEAR OCEAN
4.25,332800.0,NEAR OCEAN
4.5606,303800.0,NEAR OCEAN
3.274,254300.0,NEAR OCEAN
3.5109,225000.0,NEAR OCEAN
3.7282,287500.0,NEAR OCEAN
2.8837,176100.0,NEAR OCEAN
4.1023,217300.0,NEAR OCEAN
2.9798,315600.0,NEAR OCEAN
4.1771,219100.0,NEAR OCEAN
2.25,192000.0,NEAR OCEAN
2.2417,151900.0,NEAR OCEAN
3.8026,149700.0,NEAR OCEAN
3.2798,150300.0,NEAR OCEAN
2.7813,159200.0,NEAR OCEAN
7.2096,490300.0,NEAR OCEAN
6.4468,444200.0,NEAR OCEAN
4.9,406300.0,NEAR OCEAN
4.8693,277700.0,NEAR OCEAN
4.3125,290500.0,NEAR OCEAN
5.0052,321800.0,NEAR OCEAN
4.2411,371700.0,NEAR OCEAN
3.3125,425500.0,NEAR OCEAN
3.835,418600.0,NEAR OCEAN
5.5106,252200.0,NEAR OCEAN
4.1354,268200.0,NEAR OCEAN
4.1301,268400.0,NEAR OCEAN
3.7895,254000.0,NEAR OCEAN
4.25,207500.0,NEAR OCEAN
3.5871,347100.0,NEAR OCEAN
3.5521,290000.0,NEAR OCEAN
4.6042,272200.0,NEAR OCEAN
5.2606,198900.0,NEAR OCEAN
4.6364,156300.0,NEAR OCEAN
4.4559,198500.0,NEAR OCEAN
4.95,194000.0,NEAR OCEAN
2.4286,204800.0,NEAR OCEAN
2.5833,181300.0,NEAR OCEAN
3.4808,206900.0,NEAR OCEAN
4.6458,212100.0,NEAR OCEAN
5.3096,209900.0,NEAR OCEAN
2.8438,139300.0,NEAR OCEAN
3.3214,162200.0,NEAR OCEAN
3.0882,160700.0,NEAR OCEAN
3.5054,146800.0,NEAR OCEAN
3.6086,146300.0,NEAR OCEAN
4.9562,165700.0,NEAR OCEAN
4.3424,162500.0,NEAR OCEAN
1.9311,138100.0,NEAR OCEAN
3.6923,159700.0,NEAR OCEAN
3.8586,157900.0,NEAR OCEAN
3.3988,147800.0,NEAR OCEAN
3.7885,156900.0,NEAR OCEAN
2.7308,139000.0,NEAR OCEAN
3.2778,150800.0,NEAR OCEAN
3.7708,157100.0,NEAR OCEAN
3.875,165100.0,NEAR OCEAN
2.3,137500.0,NEAR OCEAN
2.3605,141800.0,NEAR OCEAN
2.1397,145300.0,NEAR OCEAN
4.25,143100.0,NEAR OCEAN
1.9848,160400.0,NEAR OCEAN
1.8109,137500.0,NEAR OCEAN
2.9514,185200.0,NEAR OCEAN
2.7183,190400.0,NEAR OCEAN
3.0135,192700.0,NEAR OCEAN
2.8988,194900.0,NEAR OCEAN
2.9943,190600.0,NEAR OCEAN
2.5012,197500.0,NEAR OCEAN
3.9792,210200.0,NEAR OCEAN
4.0074,200800.0,NEAR OCEAN
2.0579,132700.0,NEAR OCEAN
2.1985,141800.0,NEAR OCEAN
1.6384,128000.0,NEAR OCEAN
1.7938,142600.0,NEAR OCEAN
1.6792,130600.0,NEAR OCEAN
1.7689,117600.0,NEAR OCEAN
1.55,100000.0,NEAR OCEAN
3.5,216700.0,NEAR OCEAN
1.75,154200.0,NEAR OCEAN
5.1806,175000.0,NEAR OCEAN
3.233,199100.0,NEAR OCEAN
3.5313,187500.0,NEAR OCEAN
3.0513,148100.0,NEAR OCEAN
3.1042,219800.0,NEAR OCEAN
4.6133,500001.0,NEAR OCEAN
3.7232,500001.0,NEAR OCEAN
5.3441,480600.0,NEAR OCEAN
5.0072,236200.0,NEAR OCEAN
4.375,234800.0,NEAR OCEAN
4.6452,212500.0,NEAR OCEAN
3.7716,242900.0,NEAR OCEAN
3.4211,203900.0,NEAR OCEAN
3.7826,196300.0,NEAR OCEAN
3.4833,209400.0,NEAR OCEAN
3.1711,215400.0,NEAR OCEAN
3.108,217900.0,NEAR OCEAN
3.0453,185900.0,NEAR OCEAN
2.0875,181300.0,NEAR OCEAN
1.9808,139100.0,NEAR OCEAN
2.0156,152700.0,NEAR OCEAN
2.4,153700.0,NEAR OCEAN
2.875,164000.0,NEAR OCEAN
2.375,139700.0,NEAR OCEAN
1.9318,115900.0,NEAR OCEAN
1.2746,129700.0,NEAR OCEAN
2.0186,130000.0,NEAR OCEAN
1.7589,118300.0,NEAR OCEAN
1.2206,162500.0,NEAR OCEAN
2.2543,156300.0,NEAR OCEAN
2.137,126600.0,NEAR OCEAN
1.9387,141700.0,NEAR OCEAN
2.8533,137500.0,NEAR OCEAN
2.0675,116700.0,NEAR OCEAN
4.5938,112500.0,NEAR OCEAN
2.1964,150000.0,NEAR OCEAN
1.7,104200.0,NEAR OCEAN
5.0,87500.0,NEAR OCEAN
1.3274,218800.0,NEAR OCEAN
0.9318,187500.0,NEAR OCEAN
1.7064,175000.0,NEAR OCEAN
1.9872,168800.0,NEAR OCEAN
2.3305,162500.0,NEAR OCEAN
1.2321,137500.0,NEAR OCEAN
1.2864,131300.0,NEAR OCEAN
1.5076,145800.0,NEAR OCEAN
1.9797,143800.0,NEAR OCEAN
2.2344,200000.0,NEAR OCEAN
2.7813,129200.0,NEAR OCEAN
2.225,106300.0,NEAR OCEAN
1.5,162500.0,NEAR OCEAN
4.6629,162500.0,NEAR OCEAN
1.4048,200000.0,NEAR OCEAN
1.5536,155000.0,NEAR OCEAN
1.1483,112500.0,NEAR OCEAN
1.6178,137500.0,NEAR OCEAN
1.0714,150000.0,NEAR OCEAN
1.4565,152500.0,NEAR OCEAN
2.0769,100000.0,NEAR OCEAN
1.5603,162500.0,NEAR OCEAN
1.5844,162500.0,NEAR OCEAN
2.5544,162500.0,NEAR OCEAN
1.8438,162500.0,NEAR OCEAN
1.8036,175000.0,NEAR OCEAN
1.7393,140200.0,NEAR OCEAN
1.9647,186200.0,NEAR OCEAN
1.7701,146200.0,NEAR OCEAN
1.918,147500.0,NEAR OCEAN
2.2538,181300.0,NEAR OCEAN
2.6786,191100.0,NEAR OCEAN
2.346,165600.0,NEAR OCEAN
2.1378,180400.0,NEAR OCEAN
2.2808,154700.0,NEAR OCEAN
1.1295,137500.0,NEAR OCEAN
2.6371,159400.0,NEAR OCEAN
2.675,241700.0,NEAR OCEAN
4.0968,310000.0,NEAR OCEAN
3.1149,218800.0,NEAR OCEAN
3.0153,220000.0,NEAR OCEAN
2.3523,325000.0,NEAR OCEAN
2.5726,193800.0,NEAR OCEAN
1.8388,175000.0,NEAR OCEAN
3.8125,382100.0,NEAR OCEAN
3.7838,500001.0,NEAR OCEAN
3.8984,306300.0,NEAR OCEAN
2.7212,266300.0,NEAR OCEAN
2.7614,272200.0,NEAR OCEAN
2.9384,304100.0,NEAR OCEAN
2.875,232500.0,NEAR OCEAN
3.0503,225000.0,NEAR OCEAN
2.127,163300.0,NEAR OCEAN
2.3317,222500.0,NEAR OCEAN
3.1739,222900.0,NEAR OCEAN
1.6955,179700.0,NEAR OCEAN
3.3003,207800.0,NEAR OCEAN
3.5812,198600.0,NEAR OCEAN
3.6193,250000.0,NEAR OCEAN
3.4107,233300.0,NEAR OCEAN
7.5,434500.0,NEAR OCEAN
3.2917,307400.0,NEAR OCEAN
3.875,342900.0,NEAR OCEAN
4.1765,393900.0,NEAR OCEAN
4.5,339800.0,NEAR OCEAN
3.5528,271100.0,NEAR OCEAN
3.901,432500.0,NEAR OCEAN
3.625,500000.0,NEAR OCEAN
3.5985,500001.0,NEAR OCEAN
3.5292,361800.0,NEAR OCEAN
4.5469,381000.0,NEAR OCEAN
4.25,439300.0,NEAR OCEAN
4.0795,400000.0,NEAR OCEAN
4.3889,378000.0,NEAR OCEAN
3.5214,398100.0,NEAR OCEAN
3.385,408300.0,NEAR OCEAN
5.8408,500000.0,NEAR OCEAN
4.7361,418800.0,NEAR OCEAN
4.7875,363800.0,NEAR OCEAN
3.9352,406900.0,NEAR OCEAN
3.7813,461500.0,NEAR OCEAN
7.3672,500001.0,NEAR OCEAN
7.0796,500001.0,NEAR OCEAN
3.9934,500001.0,NEAR OCEAN
5.1815,500001.0,NEAR OCEAN
5.6051,267400.0,NEAR OCEAN
5.1508,367300.0,NEAR OCEAN
6.0362,463500.0,NEAR OCEAN
10.2233,500001.0,NEAR OCEAN
4.6852,395200.0,NEAR OCEAN
5.3046,360700.0,NEAR OCEAN
2.425,255000.0,NEAR OCEAN
3.9375,270500.0,NEAR OCEAN
6.6494,500001.0,NEAR OCEAN
6.822,500001.0,NEAR OCEAN
7.1264,500001.0,NEAR OCEAN
5.0322,435000.0,NEAR OCEAN
4.425,336400.0,NEAR OCEAN
5.145,420200.0,NEAR OCEAN
5.637,500001.0,NEAR OCEAN
4.5817,500001.0,NEAR OCEAN
4.6048,500001.0,NEAR OCEAN
5.1589,439200.0,NEAR OCEAN
6.0308,416700.0,NEAR OCEAN
5.1271,458300.0,NEAR OCEAN
6.4956,483600.0,NEAR OCEAN
8.5491,410300.0,NEAR OCEAN
5.0106,500001.0,NEAR OCEAN
5.9907,500001.0,NEAR OCEAN
6.8553,482200.0,NEAR OCEAN
6.9296,500001.0,NEAR OCEAN
6.015,488500.0,NEAR OCEAN
5.7361,500001.0,NEAR OCEAN
3.7778,487500.0,NEAR OCEAN
10.5045,500001.0,NEAR OCEAN
8.1782,500001.0,NEAR OCEAN
8.3609,500001.0,NEAR OCEAN
8.2064,500001.0,NEAR OCEAN
6.9742,500001.0,NEAR OCEAN
10.1241,500001.0,NEAR OCEAN
8.0838,500001.0,NEAR OCEAN
11.9993,500001.0,NEAR OCEAN
10.898,500001.0,NEAR OCEAN
12.9758,500001.0,NEAR OCEAN
11.6648,500001.0,NEAR OCEAN
10.06,500001.0,NEAR OCEAN
10.5536,500001.0,NEAR OCEAN
8.0957,500001.0,NEAR OCEAN
10.1447,500001.0,NEAR OCEAN
9.821,500001.0,NEAR OCEAN
6.3064,418300.0,NEAR OCEAN
7.7042,500001.0,NEAR OCEAN
8.5421,500001.0,NEAR OCEAN
8.2831,500001.0,NEAR OCEAN
15.0001,500001.0,NEAR OCEAN
10.0973,500001.0,NEAR OCEAN
7.6986,500001.0,NEAR OCEAN
7.5594,500001.0,NEAR OCEAN
9.8091,500001.0,NEAR OCEAN
4.6042,357300.0,NEAR OCEAN
6.287,396400.0,NEAR OCEAN
9.8214,500001.0,NEAR OCEAN
9.267,500001.0,NEAR OCEAN
11.6677,500001.0,NEAR OCEAN
10.1357,500001.0,NEAR OCEAN
9.7646,500001.0,NEAR OCEAN
10.076,500001.0,NEAR OCEAN
3.9934,500001.0,NEAR OCEAN
6.5571,500001.0,NEAR OCEAN
4.5333,377300.0,NEAR OCEAN
5.4032,318500.0,NEAR OCEAN
8.0137,399200.0,NEAR OCEAN
6.8474,356700.0,NEAR OCEAN
5.3749,346100.0,NEAR OCEAN
5.8788,500001.0,NEAR OCEAN
6.9935,385500.0,NEAR OCEAN
5.8548,500001.0,NEAR OCEAN
7.9184,500001.0,NEAR OCEAN
8.0144,500001.0,NEAR OCEAN
7.7848,500001.0,NEAR OCEAN
8.4476,500001.0,NEAR OCEAN
6.83,500001.0,NEAR OCEAN
8.4331,500001.0,NEAR OCEAN
7.4001,500001.0,NEAR OCEAN
8.7364,500001.0,NEAR OCEAN
5.5789,292000.0,NEAR OCEAN
3.7321,266700.0,NEAR OCEAN
4.2011,255400.0,NEAR OCEAN
4.1379,309100.0,NEAR OCEAN
5.0766,305400.0,NEAR OCEAN
4.5625,275200.0,NEAR OCEAN
4.4375,289600.0,NEAR OCEAN
7.7006,316700.0,NEAR OCEAN
6.1444,500001.0,NEAR OCEAN
9.5551,500001.0,NEAR OCEAN
6.8198,493800.0,NEAR OCEAN
4.1792,350000.0,NEAR OCEAN
4.3125,495800.0,NEAR OCEAN
4.3194,238700.0,NEAR OCEAN
3.115,242600.0,NEAR OCEAN
4.3125,261500.0,NEAR OCEAN
3.8269,270700.0,NEAR OCEAN
3.5469,200000.0,NEAR OCEAN
5.6305,430000.0,NEAR OCEAN
2.3482,163500.0,NEAR OCEAN
3.1429,240900.0,NEAR OCEAN
3.4609,238800.0,NEAR OCEAN
3.625,253100.0,NEAR OCEAN
1.4952,69800.0,NEAR OCEAN
1.5278,145800.0,NEAR OCEAN
3.3654,225000.0,NEAR OCEAN
2.375,158800.0,NEAR OCEAN
2.5625,165600.0,NEAR OCEAN
2.1985,95300.0,NEAR OCEAN
3.1201,176100.0,NEAR OCEAN
2.7321,150000.0,NEAR OCEAN
3.3472,293800.0,NEAR OCEAN
3.0526,146900.0,NEAR OCEAN
3.5547,200000.0,NEAR OCEAN
3.7083,210000.0,NEAR OCEAN
2.6094,362500.0,NEAR OCEAN
3.2375,450000.0,NEAR OCEAN
5.1506,387500.0,NEAR OCEAN
6.5234,357400.0,NEAR OCEAN
5.8142,500001.0,NEAR OCEAN
4.174,394400.0,NEAR OCEAN
5.7248,398800.0,NEAR OCEAN
3.9792,468000.0,NEAR OCEAN
5.5164,369100.0,NEAR OCEAN
3.4048,487100.0,NEAR OCEAN
2.7039,364000.0,NEAR OCEAN
3.7852,465800.0,NEAR OCEAN
3.6,452800.0,NEAR OCEAN
3.275,500001.0,NEAR OCEAN
6.3835,407800.0,NEAR OCEAN
5.0621,386500.0,NEAR OCEAN
7.1198,469900.0,NEAR OCEAN
5.8505,417100.0,NEAR OCEAN
6.777,500000.0,NEAR OCEAN
14.4113,500001.0,NEAR OCEAN
4.0154,225700.0,NEAR OCEAN
3.1543,253800.0,NEAR OCEAN
3.725,278000.0,NEAR OCEAN
3.1359,268000.0,NEAR OCEAN
4.0313,253800.0,NEAR OCEAN
4.3281,236500.0,NEAR OCEAN
3.7614,241700.0,NEAR OCEAN
3.0379,249300.0,NEAR OCEAN
2.6713,234600.0,NEAR OCEAN
2.5625,235400.0,NEAR OCEAN
3.4327,254500.0,NEAR OCEAN
2.5263,286400.0,NEAR OCEAN
3.5147,313900.0,NEAR OCEAN
3.1912,319800.0,NEAR OCEAN
4.3571,287500.0,NEAR OCEAN
2.9309,217100.0,NEAR OCEAN
3.2952,234600.0,NEAR OCEAN
4.3,226400.0,NEAR OCEAN
2.4922,243800.0,NEAR OCEAN
2.4663,236500.0,NEAR OCEAN
2.8727,225000.0,NEAR OCEAN
3.0625,260300.0,NEAR OCEAN
4.6182,301000.0,NEAR OCEAN
3.1977,289300.0,NEAR OCEAN
4.6964,291300.0,NEAR OCEAN
5.5519,329500.0,NEAR OCEAN
6.2323,339100.0,NEAR OCEAN
3.1364,150000.0,NEAR OCEAN
6.918,500001.0,NEAR OCEAN
4.0432,450000.0,NEAR OCEAN
4.0294,500001.0,NEAR OCEAN
5.1482,500001.0,NEAR OCEAN
6.1557,402900.0,NEAR OCEAN
4.0313,282000.0,NEAR OCEAN
4.5476,309200.0,NEAR OCEAN
6.487,294200.0,NEAR OCEAN
5.3705,363500.0,NEAR OCEAN
7.6012,310800.0,NEAR OCEAN
4.7237,220700.0,NEAR OCEAN
6.3401,387300.0,NEAR OCEAN
6.2871,325500.0,NEAR OCEAN
3.3967,249400.0,NEAR OCEAN
4.875,284100.0,NEAR OCEAN
3.2232,247100.0,NEAR OCEAN
3.3155,231000.0,NEAR OCEAN
2.7545,231300.0,NEAR OCEAN
3.5729,370800.0,NEAR OCEAN
4.0647,240600.0,NEAR OCEAN
2.3545,187500.0,NEAR OCEAN
3.1029,190600.0,NEAR OCEAN
3.1395,310000.0,NEAR OCEAN
5.4031,243800.0,NEAR OCEAN
4.3897,341300.0,NEAR OCEAN
4.0076,252100.0,NEAR OCEAN
5.1298,246000.0,NEAR OCEAN
4.665,280600.0,NEAR OCEAN
3.9875,346500.0,NEAR OCEAN
5.1439,414000.0,NEAR OCEAN
6.5954,346200.0,NEAR OCEAN
6.5964,358800.0,NEAR OCEAN
6.3369,256000.0,NEAR OCEAN
5.49,239300.0,NEAR OCEAN
7.2988,500001.0,NEAR OCEAN
5.2333,471400.0,NEAR OCEAN
3.8187,137500.0,NEAR OCEAN
6.1572,344000.0,NEAR OCEAN
6.8939,383900.0,NEAR OCEAN
5.888,447700.0,NEAR OCEAN
5.041,397600.0,NEAR OCEAN
4.355,429200.0,NEAR OCEAN
4.2289,442700.0,NEAR OCEAN
2.8352,408300.0,NEAR OCEAN
3.2353,252900.0,NEAR OCEAN
4.3409,271400.0,NEAR OCEAN
10.1154,477700.0,NEAR OCEAN
9.5268,437900.0,NEAR OCEAN
5.883,295100.0,NEAR OCEAN
6.6188,380000.0,NEAR OCEAN
4.7773,400000.0,NEAR OCEAN
5.4011,346400.0,NEAR OCEAN
4.8482,500001.0,NEAR OCEAN
4.6369,422200.0,NEAR OCEAN
5.0926,390500.0,NEAR OCEAN
4.537,495500.0,NEAR OCEAN
4.6528,457100.0,NEAR OCEAN
5.0476,500001.0,NEAR OCEAN
4.2287,500001.0,NEAR OCEAN
4.9044,485000.0,NEAR OCEAN
5.1824,500001.0,NEAR OCEAN
8.7397,500001.0,NEAR OCEAN
5.7704,500001.0,NEAR OCEAN
8.8281,461600.0,NEAR OCEAN
9.8177,500001.0,NEAR OCEAN
9.8346,401700.0,NEAR OCEAN
15.0001,500001.0,NEAR OCEAN
7.1673,340700.0,NEAR OCEAN
4.7396,441700.0,NEAR OCEAN
5.392,408500.0,NEAR OCEAN
8.603,459600.0,NEAR OCEAN
8.1548,500001.0,NEAR OCEAN
6.1309,411600.0,NEAR OCEAN
5.7914,500001.0,NEAR OCEAN
2.7266,354200.0,NEAR OCEAN
3.654,249000.0,NEAR OCEAN
2.5288,274000.0,NEAR OCEAN
2.7222,284700.0,NEAR OCEAN
3.0726,289600.0,NEAR OCEAN
2.9705,245500.0,NEAR OCEAN
1.9637,137500.0,NEAR OCEAN
2.6042,225000.0,NEAR OCEAN
3.06,243800.0,NEAR OCEAN
3.1921,261500.0,NEAR OCEAN
2.1532,240000.0,NEAR OCEAN
2.9112,199100.0,NEAR OCEAN
2.2687,200000.0,NEAR OCEAN
3.4196,302200.0,NEAR OCEAN
3.0445,214800.0,NEAR OCEAN
2.6518,179800.0,NEAR OCEAN
2.75,175000.0,NEAR OCEAN
2.465,198700.0,NEAR OCEAN
2.6181,204200.0,NEAR OCEAN
2.6742,171400.0,NEAR OCEAN
2.2578,263600.0,NEAR OCEAN
3.0259,211700.0,NEAR OCEAN
2.6818,159400.0,NEAR OCEAN
3.125,172700.0,NEAR OCEAN
2.5553,178100.0,NEAR OCEAN
2.2813,118100.0,NEAR OCEAN
2.4828,133300.0,NEAR OCEAN
2.7852,129200.0,NEAR OCEAN
1.0353,150000.0,NEAR OCEAN
2.1937,162500.0,NEAR OCEAN
2.4167,131300.0,NEAR OCEAN
2.694,164100.0,NEAR OCEAN
2.6777,146400.0,NEAR OCEAN
2.1727,145500.0,NEAR OCEAN
2.0792,160000.0,NEAR OCEAN
2.8281,171700.0,NEAR OCEAN
2.1094,162500.0,NEAR OCEAN
2.375,154400.0,NEAR OCEAN
1.9392,142900.0,NEAR OCEAN
2.6333,140000.0,NEAR OCEAN
2.1563,127100.0,NEAR OCEAN
2.1273,142300.0,NEAR OCEAN
2.2264,112500.0,NEAR OCEAN
1.95,150000.0,NEAR OCEAN
2.1292,135000.0,NEAR OCEAN
2.5872,130600.0,NEAR OCEAN
3.0,168800.0,NEAR OCEAN
3.6852,185300.0,NEAR OCEAN
2.693,174100.0,NEAR OCEAN
2.4394,118300.0,NEAR OCEAN
3.2708,155200.0,NEAR OCEAN
3.79,163400.0,NEAR OCEAN
2.2599,157600.0,NEAR OCEAN
2.1394,106700.0,NEAR OCEAN
1.9886,119200.0,NEAR OCEAN
2.3261,114600.0,NEAR OCEAN
1.64,130000.0,NEAR OCEAN
2.1597,116100.0,NEAR OCEAN
2.4297,139000.0,NEAR OCEAN
2.3594,127800.0,NEAR OCEAN
2.4821,123600.0,NEAR OCEAN
2.2409,114200.0,NEAR OCEAN
1.9152,128100.0,NEAR OCEAN
2.0673,118800.0,NEAR OCEAN
2.5991,147500.0,NEAR OCEAN
2.0139,150000.0,NEAR OCEAN
2.1856,120500.0,NEAR OCEAN
2.5952,190300.0,NEAR OCEAN
3.6705,167000.0,NEAR OCEAN
2.7928,175000.0,NEAR OCEAN
3.125,192200.0,NEAR OCEAN
6.6053,331400.0,NEAR OCEAN
4.3875,300000.0,NEAR OCEAN
5.7768,281600.0,NEAR OCEAN
4.2813,270800.0,NEAR OCEAN
3.125,216500.0,NEAR OCEAN
3.5481,203100.0,NEAR OCEAN
3.5529,223000.0,NEAR OCEAN
3.3854,204400.0,NEAR OCEAN
2.875,139600.0,NEAR OCEAN
1.9799,122700.0,NEAR OCEAN
2.2604,126300.0,NEAR OCEAN
2.0852,114400.0,NEAR OCEAN
1.4375,96400.0,NEAR OCEAN
1.3448,91300.0,NEAR OCEAN
2.05,100000.0,NEAR OCEAN
1.6896,100000.0,NEAR OCEAN
1.7696,103100.0,NEAR OCEAN
2.2287,140000.0,NEAR OCEAN
1.5517,122500.0,NEAR OCEAN
2.9286,151800.0,NEAR OCEAN
1.6444,103400.0,NEAR OCEAN
1.4828,94800.0,NEAR OCEAN
2.0036,99200.0,NEAR OCEAN
1.0617,92400.0,NEAR OCEAN
1.7446,85200.0,NEAR OCEAN
2.4219,90600.0,NEAR OCEAN
2.0893,101100.0,NEAR OCEAN
2.113,102100.0,NEAR OCEAN
2.1767,101800.0,NEAR OCEAN
1.6102,93400.0,NEAR OCEAN
2.2,98700.0,NEAR OCEAN
2.4524,90300.0,NEAR OCEAN
3.2422,123100.0,NEAR OCEAN
2.3269,97300.0,NEAR OCEAN
2.2375,102900.0,NEAR OCEAN
3.8355,126700.0,NEAR OCEAN
3.8864,132600.0,NEAR OCEAN
1.6034,84400.0,NEAR OCEAN
2.32,93200.0,NEAR OCEAN
1.6747,100000.0,NEAR OCEAN
2.3641,94100.0,NEAR OCEAN
1.4886,89800.0,NEAR OCEAN
1.5029,100000.0,NEAR OCEAN
1.2347,128100.0,NEAR OCEAN
2.5101,95300.0,NEAR OCEAN
1.875,95000.0,NEAR OCEAN
1.2286,105000.0,NEAR OCEAN
1.6789,95500.0,NEAR OCEAN
1.5208,118800.0,NEAR OCEAN
1.7391,125000.0,NEAR OCEAN
2.3886,138100.0,NEAR OCEAN
2.3148,154200.0,NEAR OCEAN
2.3824,144700.0,NEAR OCEAN
3.3026,119100.0,NEAR OCEAN
3.0208,129200.0,NEAR OCEAN
3.1719,115300.0,NEAR OCEAN
2.6629,116900.0,NEAR OCEAN
2.5583,120700.0,NEAR OCEAN
2.0077,118300.0,NEAR OCEAN
1.8103,124700.0,NEAR OCEAN
1.6318,117700.0,NEAR OCEAN
2.1757,110100.0,NEAR OCEAN
3.5078,126500.0,NEAR OCEAN
3.6974,122000.0,NEAR OCEAN
2.7661,113900.0,NEAR OCEAN
2.3812,135100.0,NEAR OCEAN
3.6125,122500.0,NEAR OCEAN
1.4254,111300.0,NEAR OCEAN
2.6452,154200.0,NEAR OCEAN
1.6815,218800.0,NEAR OCEAN
3.0875,291500.0,NEAR OCEAN
6.1628,219200.0,NEAR OCEAN
3.5446,185500.0,NEAR OCEAN
4.3529,184000.0,NEAR OCEAN
2.5125,176600.0,NEAR OCEAN
2.7778,184100.0,NEAR OCEAN
3.0833,155400.0,NEAR OCEAN
2.5909,159100.0,NEAR OCEAN
1.7743,140300.0,NEAR OCEAN
1.8899,147700.0,NEAR OCEAN
1.7951,161800.0,NEAR OCEAN
2.0284,161800.0,NEAR OCEAN
2.65,167600.0,NEAR OCEAN
3.0755,166800.0,NEAR OCEAN
2.8097,158300.0,NEAR OCEAN
2.3015,156800.0,NEAR OCEAN
3.2188,150500.0,NEAR OCEAN
3.25,159600.0,NEAR OCEAN
2.965,155700.0,NEAR OCEAN
1.7452,156800.0,NEAR OCEAN
3.8233,139800.0,NEAR OCEAN
2.2308,125900.0,NEAR OCEAN
3.0938,137300.0,NEAR OCEAN
4.6875,141800.0,NEAR OCEAN
3.0446,101900.0,NEAR OCEAN
2.5682,109100.0,NEAR OCEAN
3.7891,126700.0,NEAR OCEAN
3.1923,116900.0,NEAR OCEAN
3.4107,117000.0,NEAR OCEAN
2.8964,104300.0,NEAR OCEAN
2.2454,89600.0,NEAR OCEAN
3.1786,100600.0,NEAR OCEAN
2.875,98900.0,NEAR OCEAN
2.4135,97000.0,NEAR OCEAN
3.8194,125700.0,NEAR OCEAN
3.8687,145200.0,NEAR OCEAN
1.4821,86200.0,NEAR OCEAN
2.8372,123400.0,NEAR OCEAN
4.1645,143000.0,NEAR OCEAN
4.0921,135000.0,NEAR OCEAN
4.112,141400.0,NEAR OCEAN
3.57,109800.0,NEAR OCEAN
3.2986,119200.0,NEAR OCEAN
3.2596,103000.0,NEAR OCEAN
3.25,99600.0,NEAR OCEAN
3.7366,121800.0,NEAR OCEAN
4.1837,125400.0,NEAR OCEAN
5.1769,133000.0,NEAR OCEAN
3.5388,118500.0,NEAR OCEAN
3.5341,120800.0,NEAR OCEAN
5.3908,165500.0,NEAR OCEAN
4.8875,157700.0,NEAR OCEAN
4.4375,154900.0,NEAR OCEAN
5.1305,158900.0,NEAR OCEAN
2.2866,109900.0,NEAR OCEAN
3.5437,115800.0,NEAR OCEAN
4.419,156900.0,NEAR OCEAN
5.0827,142200.0,NEAR OCEAN
2.85,125800.0,NEAR OCEAN
2.0959,125000.0,NEAR OCEAN
3.625,144300.0,NEAR OCEAN
2.375,113500.0,NEAR OCEAN
4.0505,125000.0,NEAR OCEAN
3.9922,129800.0,NEAR OCEAN
3.9646,137800.0,NEAR OCEAN
3.5664,150400.0,NEAR OCEAN
5.4863,153800.0,NEAR OCEAN
5.6889,234600.0,NEAR OCEAN
3.5066,133400.0,NEAR OCEAN
4.1442,303900.0,NEAR OCEAN
5.3505,266600.0,NEAR OCEAN
5.7192,267400.0,NEAR OCEAN
3.16,143800.0,NEAR OCEAN
3.2174,165100.0,NEAR OCEAN
4.0,89300.0,NEAR OCEAN
5.0947,152700.0,NEAR OCEAN
4.0668,137500.0,NEAR OCEAN
3.02,158900.0,NEAR OCEAN
3.775,125000.0,NEAR OCEAN
4.375,115000.0,NEAR OCEAN
3.3553,132200.0,NEAR OCEAN
4.436,135000.0,NEAR OCEAN
5.0829,179400.0,NEAR OCEAN
4.6648,156100.0,NEAR OCEAN
4.5662,175500.0,NEAR OCEAN
1.5,106300.0,NEAR OCEAN
1.4583,84200.0,NEAR OCEAN
1.4089,94200.0,NEAR OCEAN
1.3269,108000.0,NEAR OCEAN
3.1833,108300.0,NEAR OCEAN
1.2413,83100.0,NEAR OCEAN
3.6042,95600.0,NEAR OCEAN
1.5057,86300.0,NEAR OCEAN
2.085,92600.0,NEAR OCEAN
2.8942,124100.0,NEAR OCEAN
2.2024,137200.0,NEAR OCEAN
2.0938,102500.0,NEAR OCEAN
1.6944,111800.0,NEAR OCEAN
3.5789,120300.0,NEAR OCEAN
2.5559,96800.0,NEAR OCEAN
1.7075,86900.0,NEAR OCEAN
1.75,87900.0,NEAR OCEAN
1.9583,88600.0,NEAR OCEAN
1.7,85900.0,NEAR OCEAN
1.7402,79400.0,NEAR OCEAN
1.8125,83300.0,NEAR OCEAN
1.4856,86400.0,NEAR OCEAN
1.3194,90500.0,NEAR OCEAN
1.8187,84100.0,NEAR OCEAN
1.1818,83200.0,NEAR OCEAN
2.2102,87200.0,NEAR OCEAN
2.0547,98000.0,NEAR OCEAN
1.9425,93400.0,NEAR OCEAN
2.09,91800.0,NEAR OCEAN
1.5933,86300.0,NEAR OCEAN
2.725,86500.0,NEAR OCEAN
1.0658,93800.0,NEAR OCEAN
2.0673,88500.0,NEAR OCEAN
1.0531,65700.0,NEAR OCEAN
1.1681,78100.0,NEAR OCEAN
1.043,90100.0,NEAR OCEAN
1.875,75600.0,NEAR OCEAN
0.8991,78900.0,NEAR OCEAN
1.4632,80200.0,NEAR OCEAN
1.9509,70200.0,NEAR OCEAN
1.9286,78500.0,NEAR OCEAN
1.1563,82700.0,NEAR OCEAN
1.2614,87500.0,NEAR OCEAN
1.5474,83300.0,NEAR OCEAN
1.901,120300.0,NEAR OCEAN
0.6433,111300.0,NEAR OCEAN
1.8299,137500.0,NEAR OCEAN
1.975,117900.0,NEAR OCEAN
3.37,159100.0,NEAR OCEAN
3.5156,168800.0,NEAR OCEAN
3.4151,175400.0,NEAR OCEAN
2.6604,170100.0,NEAR OCEAN
5.454,240900.0,NEAR OCEAN
3.6058,213100.0,NEAR OCEAN
2.625,203200.0,NEAR OCEAN
2.1513,145000.0,NEAR OCEAN
2.4821,140600.0,NEAR OCEAN
2.7083,199100.0,NEAR OCEAN
2.2429,221100.0,NEAR OCEAN
2.2804,139100.0,NEAR OCEAN
1.758,126600.0,NEAR OCEAN
2.1164,139400.0,NEAR OCEAN
1.8456,103100.0,NEAR OCEAN
2.0529,168800.0,NEAR OCEAN
1.6156,156300.0,NEAR OCEAN
2.1199,160400.0,NEAR OCEAN
1.6011,106300.0,NEAR OCEAN
1.2375,100000.0,NEAR OCEAN
1.5594,87500.0,NEAR OCEAN
1.8696,91100.0,NEAR OCEAN
1.825,81500.0,NEAR OCEAN
1.6953,81300.0,NEAR OCEAN
1.2841,72000.0,NEAR OCEAN
1.7642,82900.0,NEAR OCEAN
1.6023,77300.0,NEAR OCEAN
2.5588,78800.0,NEAR OCEAN
2.1875,87000.0,NEAR OCEAN
1.2188,92500.0,NEAR OCEAN
1.5729,82700.0,NEAR OCEAN
1.8008,86500.0,NEAR OCEAN
1.9338,89400.0,NEAR OCEAN
0.9589,90000.0,NEAR OCEAN
1.3657,162500.0,NEAR OCEAN
1.3125,87500.0,NEAR OCEAN
1.2863,86300.0,NEAR OCEAN
1.6607,137500.0,NEAR OCEAN
1.2292,137500.0,NEAR OCEAN
0.9142,162500.0,NEAR OCEAN
1.0918,22500.0,NEAR OCEAN
1.3092,325000.0,NEAR OCEAN
4.2375,205000.0,NEAR OCEAN
0.7685,187500.0,NEAR OCEAN
4.0,137500.0,NEAR OCEAN
1.3071,250000.0,NEAR OCEAN
1.0391,162500.0,NEAR OCEAN
1.9597,200000.0,NEAR OCEAN
1.2668,225000.0,NEAR OCEAN
1.815,116700.0,NEAR OCEAN
1.5909,262500.0,NEAR OCEAN
2.0972,112500.0,NEAR OCEAN
1.9203,195800.0,NEAR OCEAN
2.4069,215000.0,NEAR OCEAN
3.0571,418800.0,NEAR OCEAN
3.1979,466700.0,NEAR OCEAN
3.7039,361500.0,NEAR OCEAN
2.9422,289400.0,NEAR OCEAN
1.6591,112500.0,NEAR OCEAN
2.4,255000.0,NEAR OCEAN
2.5882,258300.0,NEAR OCEAN
3.175,191700.0,NEAR OCEAN
0.536,162500.0,NEAR OCEAN
1.0612,300000.0,NEAR OCEAN
2.2982,87500.0,NEAR OCEAN
2.8043,262100.0,NEAR OCEAN
2.9735,225000.0,NEAR OCEAN
2.6121,125000.0,NEAR OCEAN
3.1389,101800.0,NEAR OCEAN
3.8036,162000.0,NEAR OCEAN
3.3456,159800.0,NEAR OCEAN
6.9322,334500.0,NEAR OCEAN
7.4029,345700.0,NEAR OCEAN
7.2758,345200.0,NEAR OCEAN
2.4016,287500.0,NEAR OCEAN
4.5878,291000.0,NEAR OCEAN
3.8409,291400.0,NEAR OCEAN
2.5259,240200.0,NEAR OCEAN
2.7273,269700.0,NEAR OCEAN
2.1635,244200.0,NEAR OCEAN
4.1806,263800.0,NEAR OCEAN
5.5289,297700.0,NEAR OCEAN
5.9113,388300.0,NEAR OCEAN
7.5557,441400.0,NEAR OCEAN
3.2361,500001.0,NEAR OCEAN
6.6661,500001.0,NEAR OCEAN
7.5925,466700.0,NEAR OCEAN
6.6013,396400.0,NEAR OCEAN
4.9125,383600.0,NEAR OCEAN
6.5319,345800.0,NEAR OCEAN
6.597,496400.0,NEAR OCEAN
6.3331,400000.0,NEAR OCEAN
4.8684,358600.0,NEAR OCEAN
2.7515,247700.0,NEAR OCEAN
2.6962,288200.0,NEAR OCEAN
2.9904,286800.0,NEAR OCEAN
2.8007,257100.0,NEAR OCEAN
4.0268,298600.0,NEAR OCEAN
4.0862,321800.0,NEAR OCEAN
4.5938,367400.0,NEAR OCEAN
3.4286,137500.0,NEAR OCEAN
2.4779,165000.0,NEAR OCEAN
4.6354,179200.0,NEAR OCEAN
4.8167,169800.0,NEAR OCEAN
4.1339,238200.0,NEAR OCEAN
4.05,284900.0,NEAR OCEAN
2.9896,252700.0,NEAR OCEAN
2.3042,220600.0,NEAR OCEAN
2.79,226000.0,NEAR OCEAN
2.6625,248200.0,NEAR OCEAN
2.2017,208300.0,NEAR OCEAN
1.7622,205800.0,NEAR OCEAN
2.2042,231300.0,NEAR OCEAN
2.4672,216700.0,NEAR OCEAN
2.2328,266700.0,NEAR OCEAN
2.375,340400.0,NEAR OCEAN
1.8365,328600.0,NEAR OCEAN
2.7857,291700.0,NEAR OCEAN
2.45,350000.0,NEAR OCEAN
4.3403,500000.0,NEAR OCEAN
3.18,362500.0,NEAR OCEAN
4.0313,385300.0,NEAR OCEAN
4.9125,452600.0,NEAR OCEAN
3.4527,175000.0,NEAR OCEAN
3.5484,238000.0,NEAR OCEAN
3.625,266700.0,NEAR OCEAN
4.6293,356500.0,NEAR OCEAN
4.1742,342200.0,NEAR OCEAN
4.1652,241700.0,NEAR OCEAN
3.4306,275000.0,NEAR OCEAN
3.1838,245800.0,NEAR OCEAN
2.6902,212500.0,NEAR OCEAN
3.2625,193800.0,NEAR OCEAN
1.7273,137500.0,NEAR OCEAN
2.93,183300.0,NEAR OCEAN
2.3482,190600.0,NEAR OCEAN
2.4643,244400.0,NEAR OCEAN
3.8026,270000.0,NEAR OCEAN
3.7813,362500.0,NEAR OCEAN
3.2663,270600.0,NEAR OCEAN
2.5568,258300.0,NEAR OCEAN
2.5813,253100.0,NEAR OCEAN
2.9781,212500.0,NEAR OCEAN
3.0774,275000.0,NEAR OCEAN
3.6429,317100.0,NEAR OCEAN
3.5486,193800.0,NEAR OCEAN
3.225,229400.0,NEAR OCEAN
2.6403,216100.0,NEAR OCEAN
3.0293,241700.0,NEAR OCEAN
2.9258,234800.0,NEAR OCEAN
2.1357,187500.0,NEAR OCEAN
3.8018,112500.0,NEAR OCEAN
2.288,210000.0,NEAR OCEAN
2.4671,276300.0,NEAR OCEAN
3.101,238200.0,NEAR OCEAN
3.3942,307400.0,NEAR OCEAN
4.2296,275000.0,NEAR OCEAN
3.3274,295500.0,NEAR OCEAN
2.8421,227800.0,NEAR OCEAN
2.3284,290600.0,NEAR OCEAN
2.92,326500.0,NEAR OCEAN
6.9553,500001.0,NEAR OCEAN
3.744,450000.0,NEAR OCEAN
5.4103,332400.0,NEAR OCEAN
6.5881,394400.0,NEAR OCEAN
3.9187,311900.0,NEAR OCEAN
3.2109,376000.0,NEAR OCEAN
2.9306,360300.0,NEAR OCEAN
3.875,410000.0,NEAR OCEAN
3.7306,500000.0,NEAR OCEAN
4.1477,500001.0,NEAR OCEAN
4.1793,500001.0,NEAR OCEAN
4.5083,405200.0,NEAR OCEAN
11.3074,500001.0,NEAR OCEAN
2.3187,488900.0,NEAR OCEAN
3.7596,381300.0,NEAR OCEAN
4.425,475000.0,NEAR OCEAN
3.1324,500001.0,NEAR OCEAN
5.9359,422200.0,NEAR OCEAN
8.1844,406300.0,NEAR OCEAN
7.2559,392300.0,NEAR OCEAN
10.7751,500001.0,NEAR OCEAN
8.2374,500001.0,NEAR OCEAN
10.9529,500001.0,NEAR OCEAN
6.1025,500001.0,NEAR OCEAN
1.858,205000.0,NEAR OCEAN
4.6875,274400.0,NEAR OCEAN
8.051,363600.0,NEAR OCEAN
6.3955,316700.0,NEAR OCEAN
6.5382,326000.0,NEAR OCEAN
5.3693,260700.0,NEAR OCEAN
4.2065,277800.0,NEAR OCEAN
5.4067,277500.0,NEAR OCEAN
7.4351,445700.0,NEAR OCEAN
7.8013,474000.0,NEAR OCEAN
9.5245,500001.0,NEAR OCEAN
10.7721,500001.0,NEAR OCEAN
8.496,500001.0,NEAR OCEAN
8.0639,500001.0,NEAR OCEAN
6.8322,500001.0,NEAR OCEAN
12.4429,500001.0,NEAR OCEAN
5.1023,500001.0,NEAR OCEAN
7.2821,500001.0,NEAR OCEAN
5.3787,500001.0,NEAR OCEAN
6.7587,388500.0,NEAR OCEAN
10.0707,500001.0,NEAR OCEAN
6.1805,272400.0,NEAR OCEAN
5.2113,267400.0,NEAR OCEAN
4.7891,295300.0,NEAR OCEAN
2.4207,213500.0,NEAR OCEAN
5.102,417500.0,NEAR OCEAN
3.0104,204200.0,NEAR OCEAN
5.2326,188300.0,NEAR OCEAN
3.6083,180100.0,NEAR OCEAN
5.0855,209800.0,NEAR OCEAN
3.045,100000.0,NEAR OCEAN
5.417,196800.0,NEAR OCEAN
3.2794,148600.0,NEAR OCEAN
3.35,171000.0,NEAR OCEAN
3.6287,280800.0,NEAR OCEAN
3.8542,176600.0,NEAR OCEAN
3.3176,156100.0,NEAR OCEAN
3.9356,267000.0,NEAR OCEAN
4.1429,254400.0,NEAR OCEAN
6.6199,406200.0,NEAR OCEAN
5.8343,500001.0,NEAR OCEAN
6.9794,500001.0,NEAR OCEAN
6.7694,425900.0,NEAR OCEAN
5.9806,370500.0,NEAR OCEAN
5.9547,329300.0,NEAR OCEAN
5.2648,294400.0,NEAR OCEAN
7.6348,337000.0,NEAR OCEAN
8.4355,467600.0,NEAR OCEAN
6.357,322500.0,NEAR OCEAN
3.7841,176900.0,NEAR OCEAN
5.4605,190200.0,NEAR OCEAN
5.7451,237300.0,NEAR OCEAN
3.4318,200400.0,NEAR OCEAN
3.5234,183900.0,NEAR OCEAN
4.55,187700.0,NEAR OCEAN
3.2583,181400.0,NEAR OCEAN
4.5402,182100.0,NEAR OCEAN
2.5909,176000.0,NEAR OCEAN
3.5078,166000.0,NEAR OCEAN
4.1806,199600.0,NEAR OCEAN
3.4482,162500.0,NEAR OCEAN
4.3862,184800.0,NEAR OCEAN
3.8529,212000.0,NEAR OCEAN
5.2837,283800.0,NEAR OCEAN
3.7963,303100.0,NEAR OCEAN
3.5078,362500.0,NEAR OCEAN
2.8472,161400.0,NEAR OCEAN
3.9464,171600.0,NEAR OCEAN
3.337,172300.0,NEAR OCEAN
5.0465,208200.0,NEAR OCEAN
5.253,204000.0,NEAR OCEAN
4.9219,192900.0,NEAR OCEAN
3.6667,175900.0,NEAR OCEAN
3.5606,165100.0,NEAR OCEAN
4.2768,167800.0,NEAR OCEAN
5.5277,197100.0,NEAR OCEAN
3.875,172000.0,NEAR OCEAN
3.375,184100.0,NEAR OCEAN
4.0114,169800.0,NEAR OCEAN
4.3317,173300.0,NEAR OCEAN
5.3538,212500.0,NEAR OCEAN
2.7401,198100.0,NEAR OCEAN
3.0375,197600.0,NEAR OCEAN
4.2708,182800.0,NEAR OCEAN
3.9265,162000.0,NEAR OCEAN
4.6875,188000.0,NEAR OCEAN
4.739,184100.0,NEAR OCEAN
5.0603,185700.0,NEAR OCEAN
3.1032,179500.0,NEAR OCEAN
3.1146,187500.0,NEAR OCEAN
2.2899,159000.0,NEAR OCEAN
3.6806,172400.0,NEAR OCEAN
3.0625,159700.0,NEAR OCEAN
2.5,177800.0,NEAR OCEAN
3.6371,176300.0,NEAR OCEAN
4.22,178700.0,NEAR OCEAN
2.2284,177500.0,NEAR OCEAN
4.5625,162300.0,NEAR OCEAN
4.7679,204000.0,NEAR OCEAN
5.1491,207000.0,NEAR OCEAN
5.5454,217100.0,NEAR OCEAN
3.8542,198500.0,NEAR OCEAN
3.2661,140400.0,NEAR OCEAN
2.2663,123600.0,NEAR OCEAN
2.1447,133300.0,NEAR OCEAN
2.5682,187500.0,NEAR OCEAN
3.4706,157600.0,NEAR OCEAN
2.75,87500.0,NEAR OCEAN
3.7292,146300.0,NEAR OCEAN
3.6375,178600.0,NEAR OCEAN
3.3375,154300.0,NEAR OCEAN
2.3658,164100.0,NEAR OCEAN
3.7381,165000.0,NEAR OCEAN
2.2768,145200.0,NEAR OCEAN
3.767,166800.0,NEAR OCEAN
4.5481,164800.0,NEAR OCEAN
2.7386,87500.0,NEAR OCEAN
3.6492,158900.0,NEAR OCEAN
2.6493,67500.0,NEAR OCEAN
3.0481,210000.0,NEAR OCEAN
3.4,200600.0,NEAR OCEAN
5.5413,302100.0,NEAR OCEAN
3.8542,200000.0,NEAR OCEAN
5.0958,300000.0,NEAR OCEAN
4.2417,294100.0,NEAR OCEAN
3.7102,289600.0,NEAR OCEAN
3.1304,166300.0,NEAR OCEAN
2.3599,168400.0,NEAR OCEAN
3.8571,235100.0,NEAR OCEAN
3.3713,238400.0,NEAR OCEAN
4.7788,276000.0,NEAR OCEAN
4.5987,255600.0,NEAR OCEAN
3.2312,192200.0,NEAR OCEAN
4.4097,252000.0,NEAR OCEAN
4.0057,241600.0,NEAR OCEAN
3.765,238000.0,NEAR OCEAN
4.1368,151000.0,NEAR OCEAN
3.8571,143800.0,NEAR OCEAN
2.4397,140600.0,NEAR OCEAN
3.2679,137500.0,NEAR OCEAN
2.8621,196900.0,NEAR OCEAN
3.1458,178300.0,NEAR OCEAN
2.3578,166700.0,NEAR OCEAN
2.1157,156900.0,NEAR OCEAN
3.9417,179800.0,NEAR OCEAN
2.5368,169600.0,NEAR OCEAN
4.7813,188600.0,NEAR OCEAN
5.25,205100.0,NEAR OCEAN
5.282,183000.0,NEAR OCEAN
2.7652,177400.0,NEAR OCEAN
4.4886,179100.0,NEAR OCEAN
3.7237,108300.0,NEAR OCEAN
4.5568,175300.0,NEAR OCEAN
3.8719,174200.0,NEAR OCEAN
3.2308,166500.0,NEAR OCEAN
3.8125,166300.0,NEAR OCEAN
3.9732,174900.0,NEAR OCEAN
4.2098,174100.0,NEAR OCEAN
3.6458,173800.0,NEAR OCEAN
4.2621,124200.0,NEAR OCEAN
2.9576,92200.0,NEAR OCEAN
5.5673,288200.0,NEAR OCEAN
2.6607,175000.0,NEAR OCEAN
2.875,112500.0,NEAR OCEAN
2.5953,67500.0,NEAR OCEAN
3.2197,67500.0,NEAR OCEAN
2.15,131300.0,NEAR OCEAN
4.375,166500.0,NEAR OCEAN
3.625,184500.0,NEAR OCEAN
2.8631,169700.0,NEAR OCEAN
4.7188,174100.0,NEAR OCEAN
3.375,178100.0,NEAR OCEAN
3.3849,96900.0,NEAR OCEAN
3.5179,129300.0,NEAR OCEAN
3.5562,73500.0,NEAR OCEAN
3.6528,133200.0,NEAR OCEAN
4.0982,171200.0,NEAR OCEAN
3.8333,170000.0,NEAR OCEAN
3.1964,177700.0,NEAR OCEAN
2.9881,165300.0,NEAR OCEAN
3.9745,170800.0,NEAR OCEAN
7.8336,277600.0,NEAR OCEAN
4.7143,268300.0,NEAR OCEAN
4.625,222800.0,NEAR OCEAN
4.8,220800.0,NEAR OCEAN
4.2679,131900.0,NEAR OCEAN
4.0616,148800.0,NEAR OCEAN
4.1518,136900.0,NEAR OCEAN
3.8529,147700.0,NEAR OCEAN
3.4792,107600.0,NEAR OCEAN
3.5125,142400.0,NEAR OCEAN
2.6985,156500.0,NEAR OCEAN
5.0311,152100.0,NEAR OCEAN
4.0089,132100.0,NEAR OCEAN
4.087,134800.0,NEAR OCEAN
5.3072,132700.0,NEAR OCEAN
4.7337,127600.0,NEAR OCEAN
3.0284,123600.0,NEAR OCEAN
4.6364,141100.0,NEAR OCEAN
3.1696,138000.0,NEAR OCEAN
1.9875,114900.0,NEAR OCEAN
2.875,134500.0,NEAR OCEAN
1.3362,95000.0,NEAR OCEAN
2.5625,153300.0,NEAR OCEAN
1.6348,93200.0,NEAR OCEAN
2.0159,139300.0,NEAR OCEAN
1.7958,140400.0,NEAR OCEAN
1.7301,125000.0,NEAR OCEAN
1.4384,108800.0,NEAR OCEAN
1.2667,67500.0,NEAR OCEAN
2.0734,87500.0,NEAR OCEAN
2.3,120800.0,NEAR OCEAN
2.25,132800.0,NEAR OCEAN
4.1029,122700.0,NEAR OCEAN
4.8646,136800.0,NEAR OCEAN
4.3601,144900.0,NEAR OCEAN
3.75,146800.0,NEAR OCEAN
2.5859,131400.0,NEAR OCEAN
2.25,103200.0,NEAR OCEAN
2.7361,93600.0,NEAR OCEAN
3.0992,142600.0,NEAR OCEAN
2.7048,153000.0,NEAR OCEAN
3.9698,142700.0,NEAR OCEAN
3.2687,131000.0,NEAR OCEAN
3.8194,134400.0,NEAR OCEAN
3.0273,135300.0,NEAR OCEAN
2.569,88300.0,NEAR OCEAN
3.6736,139500.0,NEAR OCEAN
4.5547,160700.0,NEAR OCEAN
5.1478,138900.0,NEAR OCEAN
4.8984,151500.0,NEAR OCEAN
3.9583,144400.0,NEAR OCEAN
3.0613,136700.0,NEAR OCEAN
4.8274,174100.0,NEAR OCEAN
3.1645,156000.0,NEAR OCEAN
2.3194,159400.0,NEAR OCEAN
2.3603,195300.0,NEAR OCEAN
2.9286,257700.0,NEAR OCEAN
2.5988,135600.0,NEAR OCEAN
3.3371,140500.0,NEAR OCEAN
2.6715,133300.0,NEAR OCEAN
3.0217,131600.0,NEAR OCEAN
2.2755,125000.0,NEAR OCEAN
2.3824,127600.0,NEAR OCEAN
2.3253,133700.0,NEAR OCEAN
2.1773,143200.0,NEAR OCEAN
2.4213,132500.0,NEAR OCEAN
2.1179,153100.0,NEAR OCEAN
2.6724,144500.0,NEAR OCEAN
3.3906,147800.0,NEAR OCEAN
8.7991,478500.0,NEAR OCEAN
3.5357,67500.0,NEAR OCEAN
7.3669,187500.0,NEAR OCEAN
3.25,500001.0,NEAR OCEAN
5.1009,500001.0,NEAR OCEAN
3.2121,320800.0,NEAR OCEAN
4.4777,452800.0,NEAR OCEAN
5.3177,500001.0,NEAR OCEAN
5.1249,432400.0,NEAR OCEAN
4.7891,334600.0,NEAR OCEAN
4.5189,422200.0,NEAR OCEAN
4.0488,409700.0,NEAR OCEAN
3.6759,368800.0,NEAR OCEAN
5.1386,404500.0,NEAR OCEAN
6.3612,482700.0,NEAR OCEAN
1.9107,125000.0,NEAR OCEAN
1.6094,93000.0,NEAR OCEAN
1.6806,92500.0,NEAR OCEAN
1.7961,47500.0,NEAR OCEAN
1.125,60000.0,NEAR OCEAN
1.4844,83300.0,NEAR OCEAN
1.625,118800.0,NEAR OCEAN
2.0972,117000.0,NEAR OCEAN
1.8333,127100.0,NEAR OCEAN
1.6389,114300.0,NEAR OCEAN
2.1542,106300.0,NEAR OCEAN
2.0982,109100.0,NEAR OCEAN
2.0213,110600.0,NEAR OCEAN
2.8089,120600.0,NEAR OCEAN
2.052,108900.0,NEAR OCEAN
1.2745,92900.0,NEAR OCEAN
2.0488,88900.0,NEAR OCEAN
1.8112,103600.0,NEAR OCEAN
2.0724,107600.0,NEAR OCEAN
2.0156,90300.0,NEAR OCEAN
2.0398,93600.0,NEAR OCEAN
1.7802,97800.0,NEAR OCEAN
2.4943,99600.0,NEAR OCEAN
3.4609,118000.0,NEAR OCEAN
3.4875,117000.0,NEAR OCEAN
3.6875,111400.0,NEAR OCEAN
3.4583,112700.0,NEAR OCEAN
2.2201,100000.0,NEAR OCEAN
4.069,153300.0,NEAR OCEAN
2.9318,112400.0,NEAR OCEAN
1.324,122600.0,NEAR OCEAN
2.0114,104900.0,NEAR OCEAN
2.3814,112300.0,NEAR OCEAN
2.5662,118200.0,NEAR OCEAN
3.375,136300.0,NEAR OCEAN
2.81,103400.0,NEAR OCEAN
1.8977,95600.0,NEAR OCEAN
3.4701,204900.0,NEAR OCEAN
4.1325,172800.0,NEAR OCEAN
1.8672,145800.0,NEAR OCEAN
2.5392,147000.0,NEAR OCEAN
1.9241,150000.0,NEAR OCEAN
1.6806,141700.0,NEAR OCEAN
2.619,145800.0,NEAR OCEAN
2.6296,150000.0,NEAR OCEAN
2.3562,123800.0,NEAR OCEAN
2.7218,145900.0,NEAR OCEAN
2.507,142700.0,NEAR OCEAN
2.5658,134700.0,NEAR OCEAN
1.6321,57500.0,NEAR OCEAN
1.62,131300.0,NEAR OCEAN
2.4148,67500.0,NEAR OCEAN
1.858,67500.0,NEAR OCEAN
2.1719,131500.0,NEAR OCEAN
3.0729,128700.0,NEAR OCEAN
2.4866,129700.0,NEAR OCEAN
2.1955,129700.0,NEAR OCEAN
2.1281,139800.0,NEAR OCEAN
1.947,147500.0,NEAR OCEAN
1.8417,150000.0,NEAR OCEAN
4.6477,150400.0,NEAR OCEAN
3.455,156900.0,NEAR OCEAN
2.24,129500.0,NEAR OCEAN
4.125,160200.0,NEAR OCEAN
3.9167,189700.0,NEAR OCEAN
3.5583,154900.0,NEAR OCEAN
3.7583,145500.0,NEAR OCEAN
2.6146,159400.0,NEAR OCEAN
2.2788,146300.0,NEAR OCEAN
3.0771,158600.0,NEAR OCEAN
3.4773,150400.0,NEAR OCEAN
2.1548,118800.0,NEAR OCEAN
3.6467,113000.0,NEAR OCEAN
2.2685,151900.0,NEAR OCEAN
3.3514,149100.0,NEAR OCEAN
2.7838,155900.0,NEAR OCEAN
2.8489,128300.0,NEAR OCEAN
2.1441,135500.0,NEAR OCEAN
1.9267,67500.0,NEAR OCEAN
1.6007,96200.0,NEAR OCEAN
2.3929,134400.0,NEAR OCEAN
2.2544,121900.0,NEAR OCEAN
2.1765,128400.0,NEAR OCEAN
2.0571,152300.0,NEAR OCEAN
2.5625,131100.0,NEAR OCEAN
2.2903,106300.0,NEAR OCEAN
1.7472,94600.0,NEAR OCEAN
2.4191,107300.0,NEAR OCEAN
2.7014,108200.0,NEAR OCEAN
4.1958,160100.0,NEAR OCEAN
4.2851,144500.0,NEAR OCEAN
4.9962,156000.0,NEAR OCEAN
3.5096,139900.0,NEAR OCEAN
3.2633,129700.0,NEAR OCEAN
3.8615,139300.0,NEAR OCEAN
4.2241,139800.0,NEAR OCEAN
3.9076,152900.0,NEAR OCEAN
3.0495,98300.0,NEAR OCEAN
4.1154,160200.0,NEAR OCEAN
4.6793,151900.0,NEAR OCEAN
5.1538,171300.0,NEAR OCEAN
6.0086,166900.0,NEAR OCEAN
5.152,143400.0,NEAR OCEAN
3.0365,98100.0,NEAR OCEAN
4.7068,184300.0,NEAR OCEAN
5.766,186100.0,NEAR OCEAN
4.2204,169800.0,NEAR OCEAN
5.5248,156300.0,NEAR OCEAN
5.551,266900.0,NEAR OCEAN
6.6143,264100.0,NEAR OCEAN
6.5772,245200.0,NEAR OCEAN
6.9664,293900.0,NEAR OCEAN
6.6272,273600.0,NEAR OCEAN
5.6631,233400.0,NEAR OCEAN
3.9519,193500.0,NEAR OCEAN
4.2155,247800.0,NEAR OCEAN
7.6344,290500.0,NEAR OCEAN
4.9792,170400.0,NEAR OCEAN
5.7358,221600.0,NEAR OCEAN
4.0298,225600.0,NEAR OCEAN
6.5151,281700.0,NEAR OCEAN
5.7789,227700.0,NEAR OCEAN
5.2489,213700.0,NEAR OCEAN
5.1354,181600.0,NEAR OCEAN
2.8646,120800.0,NEAR OCEAN
2.1362,143200.0,NEAR OCEAN
2.3068,132300.0,NEAR OCEAN
4.0444,150100.0,NEAR OCEAN
4.3714,131000.0,NEAR OCEAN
3.8904,113800.0,NEAR OCEAN
3.725,123500.0,NEAR OCEAN
2.981,129100.0,NEAR OCEAN
3.5,144700.0,NEAR OCEAN
3.5096,142000.0,NEAR OCEAN
3.4784,154400.0,NEAR OCEAN
3.0125,130400.0,NEAR OCEAN
4.7952,141400.0,NEAR OCEAN
3.7763,126900.0,NEAR OCEAN
3.5861,123600.0,NEAR OCEAN
3.5938,125400.0,NEAR OCEAN
3.0588,120600.0,NEAR OCEAN
4.0813,137000.0,NEAR OCEAN
3.2717,130700.0,NEAR OCEAN
3.5492,125400.0,NEAR OCEAN
3.9485,133900.0,NEAR OCEAN
3.5529,133900.0,NEAR OCEAN
2.4345,129700.0,NEAR OCEAN
3.6848,140700.0,NEAR OCEAN
1.8594,119200.0,NEAR OCEAN
1.7179,132000.0,NEAR OCEAN
3.5192,144000.0,NEAR OCEAN
2.8306,142900.0,NEAR OCEAN
2.7014,133700.0,NEAR OCEAN
3.0897,187300.0,NEAR OCEAN
3.141,141400.0,NEAR OCEAN
3.6625,154800.0,NEAR OCEAN
3.7368,152200.0,NEAR OCEAN
7.2731,450400.0,NEAR OCEAN
6.439,296200.0,NEAR OCEAN
4.3286,213400.0,NEAR OCEAN
6.2513,240900.0,NEAR OCEAN
7.6832,319800.0,NEAR OCEAN
5.3129,169200.0,NEAR OCEAN
6.4027,344200.0,NEAR OCEAN
5.9289,411300.0,NEAR OCEAN
5.8661,404500.0,NEAR OCEAN
11.0911,500001.0,NEAR OCEAN
13.6623,500001.0,NEAR OCEAN
10.156,500001.0,NEAR OCEAN
11.1118,500001.0,NEAR OCEAN
6.4651,500001.0,NEAR OCEAN
10.1768,500001.0,NEAR OCEAN
5.6582,500001.0,NEAR OCEAN
4.4375,500001.0,NEAR OCEAN
4.2875,500001.0,NEAR OCEAN
7.7317,396000.0,NEAR OCEAN
7.5975,369100.0,NEAR OCEAN
15.0001,500001.0,NEAR OCEAN
7.472,439900.0,NEAR OCEAN
5.8393,485300.0,NEAR OCEAN
4.7841,393500.0,NEAR OCEAN
5.1523,387800.0,NEAR OCEAN
6.8443,492500.0,NEAR OCEAN
2.7348,231300.0,NEAR OCEAN
5.5922,382100.0,NEAR OCEAN
4.125,226900.0,NEAR OCEAN
4.1012,244700.0,NEAR OCEAN
5.2742,230700.0,NEAR OCEAN
4.125,394400.0,NEAR OCEAN
4.2356,347700.0,NEAR OCEAN
4.7179,376700.0,NEAR OCEAN
6.3525,278300.0,NEAR OCEAN
6.6319,269600.0,NEAR OCEAN
3.212,147600.0,NEAR OCEAN
6.9326,324600.0,NEAR OCEAN
3.9826,215800.0,NEAR OCEAN
3.5313,148700.0,NEAR OCEAN
6.3712,369800.0,NEAR OCEAN
4.87,220900.0,NEAR OCEAN
5.798,286100.0,NEAR OCEAN
3.1667,300000.0,NEAR OCEAN
3.5179,252700.0,NEAR OCEAN
3.55,214600.0,NEAR OCEAN
4.7333,286900.0,NEAR OCEAN
2.8611,314300.0,NEAR OCEAN
6.4247,295100.0,NEAR OCEAN
5.7787,346700.0,NEAR OCEAN
6.0922,342400.0,NEAR OCEAN
6.1509,338700.0,NEAR OCEAN
4.0118,245800.0,NEAR OCEAN
3.197,367100.0,NEAR OCEAN
2.9083,122400.0,NEAR OCEAN
4.0,343200.0,NEAR OCEAN
4.3182,357100.0,NEAR OCEAN
3.2984,369400.0,NEAR OCEAN
3.5585,284800.0,NEAR OCEAN
3.194,276300.0,NEAR OCEAN
4.027,290000.0,NEAR OCEAN
3.2308,331300.0,NEAR OCEAN
4.0791,281300.0,NEAR OCEAN
4.5694,243700.0,NEAR OCEAN
4.0585,245500.0,NEAR OCEAN
5.4904,262100.0,NEAR OCEAN
2.7717,354000.0,NEAR OCEAN
3.5341,500001.0,NEAR OCEAN
3.9205,183000.0,NEAR OCEAN
4.1282,188100.0,NEAR OCEAN
4.7961,168800.0,NEAR OCEAN
5.1837,259800.0,NEAR OCEAN
6.5338,267900.0,NEAR OCEAN
2.478,185600.0,NEAR OCEAN
2.25,187500.0,NEAR OCEAN
3.0306,178500.0,NEAR OCEAN
3.975,500001.0,NEAR OCEAN
3.7891,206300.0,NEAR OCEAN
3.3536,283300.0,NEAR OCEAN
2.5509,181800.0,NEAR OCEAN
2.8893,185400.0,NEAR OCEAN
3.625,198000.0,NEAR OCEAN
2.3182,500001.0,NEAR OCEAN
2.6979,266700.0,NEAR OCEAN
1.8214,173800.0,NEAR OCEAN
2.8819,208600.0,NEAR OCEAN
1.9562,192500.0,NEAR OCEAN
4.1875,185000.0,NEAR OCEAN
2.4583,197900.0,NEAR OCEAN
3.209,313300.0,NEAR OCEAN
1.9891,500000.0,NEAR OCEAN
1.9386,106300.0,NEAR OCEAN
1.6318,187500.0,NEAR OCEAN
1.5625,162500.0,NEAR OCEAN
1.3903,184400.0,NEAR OCEAN
1.3269,166100.0,NEAR OCEAN
2.9539,169900.0,NEAR OCEAN
3.2917,150800.0,NEAR OCEAN
2.5754,169700.0,NEAR OCEAN
4.25,150300.0,NEAR OCEAN
4.0109,145700.0,NEAR OCEAN
3.9875,142900.0,NEAR OCEAN
2.7386,216100.0,NEAR OCEAN
5.1733,198100.0,NEAR OCEAN
5.276,224500.0,NEAR OCEAN
2.9716,173600.0,NEAR OCEAN
5.7409,274100.0,NEAR OCEAN
1.6402,169300.0,NEAR OCEAN
2.4375,108900.0,NEAR OCEAN
2.7846,91200.0,NEAR OCEAN
2.7417,91700.0,NEAR OCEAN
2.2882,85800.0,NEAR OCEAN
3.7568,184100.0,NEAR OCEAN
4.3762,215500.0,NEAR OCEAN
2.4754,157300.0,NEAR OCEAN
2.0147,87700.0,NEAR OCEAN
3.0704,151600.0,NEAR OCEAN
4.3428,152100.0,NEAR OCEAN
3.676,125600.0,NEAR OCEAN
3.8958,189800.0,NEAR OCEAN
2.675,117100.0,NEAR OCEAN
2.6442,103300.0,NEAR OCEAN
2.0272,99600.0,NEAR OCEAN
3.1062,141000.0,NEAR OCEAN
2.5872,155600.0,NEAR OCEAN
3.33,127900.0,NEAR OCEAN
2.9386,143400.0,NEAR OCEAN
4.21,175600.0,NEAR OCEAN
2.724,139300.0,NEAR OCEAN
3.4456,165800.0,NEAR OCEAN
2.9133,215700.0,NEAR OCEAN
2.9469,216100.0,NEAR OCEAN
4.2361,158500.0,NEAR OCEAN
4.1807,182600.0,NEAR OCEAN
4.2383,239000.0,NEAR OCEAN
5.552,283900.0,NEAR OCEAN
5.5956,247800.0,NEAR OCEAN
5.6605,224400.0,NEAR OCEAN
2.7644,111400.0,NEAR OCEAN
3.1667,160600.0,NEAR OCEAN
2.1205,157300.0,NEAR OCEAN
6.2096,178100.0,NEAR OCEAN
4.5781,225600.0,NEAR OCEAN
4.6357,244900.0,NEAR OCEAN
4.0625,87500.0,NEAR OCEAN
4.0,228100.0,NEAR OCEAN
3.6736,214500.0,NEAR OCEAN
5.0123,210400.0,NEAR OCEAN
2.2278,132800.0,NEAR OCEAN
3.775,168000.0,NEAR OCEAN
5.1194,247800.0,NEAR OCEAN
4.3672,258900.0,NEAR OCEAN
5.1814,279900.0,NEAR OCEAN
5.311,255800.0,NEAR OCEAN
6.0336,240300.0,NEAR OCEAN
7.745,237400.0,NEAR OCEAN
3.9464,171900.0,NEAR OCEAN
7.0423,500001.0,NEAR OCEAN
4.1667,227100.0,NEAR OCEAN
6.3373,279600.0,NEAR OCEAN
7.5402,340300.0,NEAR OCEAN
6.617,285200.0,NEAR OCEAN
5.3905,299600.0,NEAR OCEAN
4.3846,270600.0,NEAR OCEAN
3.8583,261600.0,NEAR OCEAN
3.9167,243600.0,NEAR OCEAN
4.0547,246200.0,NEAR OCEAN
4.0,231600.0,NEAR OCEAN
3.5536,251000.0,NEAR OCEAN
6.7228,405200.0,NEAR OCEAN
5.9245,484600.0,NEAR OCEAN
10.7309,500001.0,NEAR OCEAN
10.6605,500001.0,NEAR OCEAN
5.9114,399000.0,NEAR OCEAN
3.3208,238600.0,NEAR OCEAN
4.0859,228600.0,NEAR OCEAN
3.2875,221500.0,NEAR OCEAN
4.0855,244100.0,NEAR OCEAN
2.9688,232000.0,NEAR OCEAN
4.1939,237900.0,NEAR OCEAN
3.5156,239400.0,NEAR OCEAN
2.5333,239300.0,NEAR OCEAN
3.0,246700.0,NEAR OCEAN
4.5913,259700.0,NEAR OCEAN
4.2562,221600.0,NEAR OCEAN
4.1406,219500.0,NEAR OCEAN
2.875,225000.0,NEAR OCEAN
3.0703,211800.0,NEAR OCEAN
3.6859,311800.0,NEAR OCEAN
3.7361,320200.0,NEAR OCEAN
3.7054,308500.0,NEAR OCEAN
4.8036,297800.0,NEAR OCEAN
3.9205,319100.0,NEAR OCEAN
3.7562,321200.0,NEAR OCEAN
4.8516,323800.0,NEAR OCEAN
3.4583,321300.0,NEAR OCEAN
4.0208,323100.0,NEAR OCEAN
4.131,314300.0,NEAR OCEAN
3.9236,335000.0,NEAR OCEAN
6.2642,438500.0,NEAR OCEAN
3.8333,340800.0,NEAR OCEAN
4.3909,317700.0,NEAR OCEAN
4.5744,315200.0,NEAR OCEAN
5.1681,500001.0,NEAR OCEAN
5.2598,371500.0,NEAR OCEAN
5.1991,369400.0,NEAR OCEAN
3.9219,433300.0,NEAR OCEAN
5.6204,406200.0,NEAR OCEAN
3.1359,350000.0,NEAR OCEAN
3.2059,350000.0,NEAR OCEAN
3.5296,400000.0,NEAR OCEAN
4.1116,187500.0,NEAR OCEAN
3.2321,112500.0,NEAR OCEAN
3.7083,307700.0,NEAR OCEAN
3.1406,316200.0,NEAR OCEAN
3.9464,295600.0,NEAR OCEAN
3.8333,296300.0,NEAR OCEAN
4.5329,278800.0,NEAR OCEAN
4.1419,291500.0,NEAR OCEAN
4.0985,283200.0,NEAR OCEAN
2.8448,268900.0,NEAR OCEAN
3.0465,274200.0,NEAR OCEAN
3.2792,260800.0,NEAR OCEAN
4.2644,284100.0,NEAR OCEAN
3.3393,272300.0,NEAR OCEAN
4.3859,270200.0,NEAR OCEAN
3.4919,271800.0,NEAR OCEAN
3.96,272200.0,NEAR OCEAN
2.9632,286300.0,NEAR OCEAN
3.7969,297800.0,NEAR OCEAN
3.7552,296600.0,NEAR OCEAN
5.6826,300000.0,NEAR OCEAN
3.5,275700.0,NEAR OCEAN
3.875,275700.0,NEAR OCEAN
4.0217,272400.0,NEAR OCEAN
4.0625,272800.0,NEAR OCEAN
3.9583,273700.0,NEAR OCEAN
4.3611,268100.0,NEAR OCEAN
4.1786,271100.0,NEAR OCEAN
2.9201,322200.0,NEAR OCEAN
3.527,318900.0,NEAR OCEAN
3.24,264600.0,NEAR OCEAN
3.8019,271200.0,NEAR OCEAN
3.4799,320800.0,NEAR OCEAN
3.6908,278800.0,NEAR OCEAN
2.3075,184200.0,NEAR OCEAN
2.7344,188300.0,NEAR OCEAN
2.7043,186200.0,NEAR OCEAN
3.0187,278100.0,NEAR OCEAN
3.7738,279400.0,NEAR OCEAN
2.6864,283600.0,NEAR OCEAN
2.8173,226900.0,NEAR OCEAN
2.7266,266800.0,NEAR OCEAN
2.6205,221100.0,NEAR OCEAN
2.5552,200000.0,NEAR OCEAN
1.65,227300.0,NEAR OCEAN
3.6412,207800.0,NEAR OCEAN
4.4766,192700.0,NEAR OCEAN
3.3958,215800.0,NEAR OCEAN
3.2226,183200.0,NEAR OCEAN
3.4762,189600.0,NEAR OCEAN
3.588,266300.0,NEAR OCEAN
3.526,183900.0,NEAR OCEAN
2.8493,196100.0,NEAR OCEAN
4.9359,317700.0,NEAR OCEAN
2.5172,293900.0,NEAR OCEAN
3.587,330000.0,NEAR OCEAN
3.2112,204500.0,NEAR OCEAN
3.1818,249600.0,NEAR OCEAN
1.9647,253600.0,NEAR OCEAN
1.7031,195000.0,NEAR OCEAN
0.7025,500001.0,NEAR OCEAN
1.0298,300000.0,NEAR OCEAN
6.3144,328800.0,NEAR OCEAN
1.4492,222900.0,NEAR OCEAN
2.5455,165900.0,NEAR OCEAN
4.2411,258900.0,NEAR OCEAN
2.5129,225900.0,NEAR OCEAN
2.1507,221500.0,NEAR OCEAN
5.156,251300.0,NEAR OCEAN
2.084,233300.0,NEAR OCEAN
1.4036,209600.0,NEAR OCEAN
2.1786,206300.0,NEAR OCEAN
2.6208,227100.0,NEAR OCEAN
2.8009,192600.0,NEAR OCEAN
1.6875,174200.0,NEAR OCEAN
3.7337,208200.0,NEAR OCEAN
2.2656,226200.0,NEAR OCEAN
2.2165,231700.0,NEAR OCEAN
4.6719,337000.0,NEAR OCEAN
3.25,225000.0,NEAR OCEAN
2.2847,247000.0,NEAR OCEAN
3.0833,219300.0,NEAR OCEAN
4.625,221800.0,NEAR OCEAN
4.6071,239900.0,NEAR OCEAN
5.4287,331600.0,NEAR OCEAN
3.2464,208000.0,NEAR OCEAN
2.794,262500.0,NEAR OCEAN
4.2639,350000.0,NEAR OCEAN
2.2868,233700.0,NEAR OCEAN
1.6563,42500.0,NEAR OCEAN
3.7635,336200.0,NEAR OCEAN
5.9676,380000.0,NEAR OCEAN
3.5352,357800.0,NEAR OCEAN
3.0938,245900.0,NEAR OCEAN
4.9318,258100.0,NEAR OCEAN
4.0125,230100.0,NEAR OCEAN
4.5417,233700.0,NEAR OCEAN
4.7639,251500.0,NEAR OCEAN
5.1788,267000.0,NEAR OCEAN
3.5035,238600.0,NEAR OCEAN
4.0833,266700.0,NEAR OCEAN
3.3214,243200.0,NEAR OCEAN
3.6588,238600.0,NEAR OCEAN
2.483,214300.0,NEAR OCEAN
3.65,239900.0,NEAR OCEAN
3.84,235900.0,NEAR OCEAN
4.5341,236500.0,NEAR OCEAN
3.5,224400.0,NEAR OCEAN
3.1958,232100.0,NEAR OCEAN
3.049,307000.0,NEAR OCEAN
3.0546,297900.0,NEAR OCEAN
5.1149,314200.0,NEAR OCEAN
6.1278,417600.0,NEAR OCEAN
4.2472,292500.0,NEAR OCEAN
4.6771,266400.0,NEAR OCEAN
5.0659,238000.0,NEAR OCEAN
5.2848,260300.0,NEAR OCEAN
5.2811,287700.0,NEAR OCEAN
4.5,275600.0,NEAR OCEAN
3.4492,264300.0,NEAR OCEAN
4.9375,277000.0,NEAR OCEAN
4.7391,272800.0,NEAR OCEAN
3.775,281300.0,NEAR OCEAN
3.449,239100.0,NEAR OCEAN
4.875,258800.0,NEAR OCEAN
4.4821,252400.0,NEAR OCEAN
4.2421,257500.0,NEAR OCEAN
3.4375,277700.0,NEAR OCEAN
2.9413,229400.0,NEAR OCEAN
3.5909,256100.0,NEAR OCEAN
4.6447,304500.0,NEAR OCEAN
4.5337,306700.0,NEAR OCEAN
5.5647,268700.0,NEAR OCEAN
3.3906,303700.0,NEAR OCEAN
5.1054,294500.0,NEAR OCEAN
5.3311,270800.0,NEAR OCEAN
2.964,319700.0,NEAR OCEAN
3.0625,87500.0,NEAR OCEAN
4.4286,238600.0,NEAR OCEAN
5.5845,304300.0,NEAR OCEAN
5.7535,297900.0,NEAR OCEAN
4.1303,146500.0,NEAR OCEAN
5.4221,284700.0,NEAR OCEAN
5.2573,322900.0,NEAR OCEAN
4.7813,246400.0,NEAR OCEAN
5.3446,263300.0,NEAR OCEAN
5.3398,260900.0,NEAR OCEAN
4.7755,280700.0,NEAR OCEAN
3.9722,276200.0,NEAR OCEAN
4.3039,278400.0,NEAR OCEAN
3.1927,252600.0,NEAR OCEAN
4.7639,265600.0,NEAR OCEAN
4.425,268400.0,NEAR OCEAN
5.1205,226300.0,NEAR OCEAN
3.8438,250700.0,NEAR OCEAN
4.7361,302600.0,NEAR OCEAN
4.9236,273500.0,NEAR OCEAN
4.125,327600.0,NEAR OCEAN
4.475,246700.0,NEAR OCEAN
3.0052,242500.0,NEAR OCEAN
3.6667,218800.0,NEAR OCEAN
4.6103,237500.0,NEAR OCEAN
3.2833,233300.0,NEAR OCEAN
3.5039,232400.0,NEAR OCEAN
2.6631,244000.0,NEAR OCEAN
4.5493,281500.0,NEAR OCEAN
3.8565,239800.0,NEAR OCEAN
4.1033,301000.0,NEAR OCEAN
4.207,272700.0,NEAR OCEAN
6.2498,353300.0,NEAR OCEAN
5.3922,353700.0,NEAR OCEAN
4.8096,262000.0,NEAR OCEAN
4.5938,251200.0,NEAR OCEAN
4.6452,236200.0,NEAR OCEAN
5.4694,272400.0,NEAR OCEAN
4.0556,275000.0,NEAR OCEAN
4.2593,227400.0,NEAR OCEAN
5.155,263900.0,NEAR OCEAN
3.525,254100.0,NEAR OCEAN
3.2446,234600.0,NEAR OCEAN
2.9087,228200.0,NEAR OCEAN
12.5,281000.0,NEAR OCEAN
5.4364,279300.0,NEAR OCEAN
4.4286,262100.0,NEAR OCEAN
5.1282,262500.0,NEAR OCEAN
4.3542,237500.0,NEAR OCEAN
4.25,241700.0,NEAR OCEAN
4.1827,345500.0,NEAR OCEAN
2.2375,450000.0,NEAR OCEAN
4.0795,270600.0,NEAR OCEAN
5.3991,273000.0,NEAR OCEAN
4.5556,249000.0,NEAR OCEAN
5.7653,325800.0,NEAR OCEAN
5.0479,280400.0,NEAR OCEAN
6.7206,344600.0,NEAR OCEAN
5.748,302100.0,NEAR OCEAN
4.7625,281300.0,NEAR OCEAN
4.9732,342300.0,NEAR OCEAN
4.1692,344500.0,NEAR OCEAN
4.25,284100.0,NEAR OCEAN
3.8214,273600.0,NEAR OCEAN
4.7,341300.0,NEAR OCEAN
6.3443,324700.0,NEAR OCEAN
4.4643,308100.0,NEAR OCEAN
4.1513,137500.0,NEAR OCEAN
3.43,292900.0,NEAR OCEAN
4.8295,319000.0,NEAR OCEAN
4.8,306800.0,NEAR OCEAN
4.4091,317900.0,NEAR OCEAN
3.2216,242700.0,NEAR OCEAN
3.1058,253000.0,NEAR OCEAN
2.639,242500.0,NEAR OCEAN
2.225,212500.0,NEAR OCEAN
3.5214,144200.0,NEAR OCEAN
2.375,275000.0,NEAR OCEAN
4.2262,228500.0,NEAR OCEAN
3.0,229100.0,NEAR OCEAN
4.0238,224200.0,NEAR OCEAN
4.4464,215400.0,NEAR OCEAN
3.1628,318400.0,NEAR OCEAN
3.3632,265100.0,NEAR OCEAN
2.56,273100.0,NEAR OCEAN
5.7398,336400.0,NEAR OCEAN
4.7381,347400.0,NEAR OCEAN
4.1364,412000.0,NEAR OCEAN
5.8783,405100.0,NEAR OCEAN
6.3719,466900.0,NEAR OCEAN
6.2946,450000.0,NEAR OCEAN
5.6493,422400.0,NEAR OCEAN
3.5817,369300.0,NEAR OCEAN
6.221,420300.0,NEAR OCEAN
4.652,387100.0,NEAR OCEAN
4.375,340900.0,NEAR OCEAN
6.1323,500001.0,NEAR OCEAN
6.2306,500001.0,NEAR OCEAN
3.0744,457700.0,NEAR OCEAN
4.6628,459200.0,NEAR OCEAN
7.8997,500001.0,NEAR OCEAN
6.358,500001.0,NEAR OCEAN
6.0374,500001.0,NEAR OCEAN
6.4865,450000.0,NEAR OCEAN
5.048,350000.0,NEAR OCEAN
3.4412,353800.0,NEAR OCEAN
5.7837,378100.0,NEAR OCEAN
5.7245,500000.0,NEAR OCEAN
4.4,500000.0,NEAR OCEAN
8.4704,500001.0,NEAR OCEAN
6.471,500001.0,NEAR OCEAN
5.0756,374200.0,NEAR OCEAN
4.0987,434000.0,NEAR OCEAN
4.7404,500001.0,NEAR OCEAN
4.5486,500001.0,NEAR OCEAN
5.6206,386400.0,NEAR OCEAN
4.7917,359900.0,NEAR OCEAN
3.8413,372200.0,NEAR OCEAN
4.0855,410800.0,NEAR OCEAN
3.5125,350600.0,NEAR OCEAN
3.3469,345000.0,NEAR OCEAN
2.8393,375000.0,NEAR OCEAN
4.2407,433800.0,NEAR OCEAN
4.97,500001.0,NEAR OCEAN
12.4291,500001.0,NEAR OCEAN
10.7339,500001.0,NEAR OCEAN
15.0001,500001.0,NEAR OCEAN
11.6833,500001.0,NEAR OCEAN
12.6417,500001.0,NEAR OCEAN
13.3913,500001.0,NEAR OCEAN
10.1675,500001.0,NEAR OCEAN
14.4219,500001.0,NEAR OCEAN
7.0422,500001.0,NEAR OCEAN
8.2598,500001.0,NEAR OCEAN
10.4286,500001.0,NEAR OCEAN
3.9728,300000.0,NEAR OCEAN
3.1111,318400.0,NEAR OCEAN
3.4333,290000.0,NEAR OCEAN
3.4836,287900.0,NEAR OCEAN
3.38,285400.0,NEAR OCEAN
4.1875,267300.0,NEAR OCEAN
2.7474,233100.0,NEAR OCEAN
3.2891,237900.0,NEAR OCEAN
3.2285,234800.0,NEAR OCEAN
2.9934,256300.0,NEAR OCEAN
3.7422,292600.0,NEAR OCEAN
2.8571,250000.0,NEAR OCEAN
3.625,283300.0,NEAR OCEAN
3.8317,237500.0,NEAR OCEAN
3.4902,500001.0,NEAR OCEAN
5.549,500001.0,NEAR OCEAN
3.162,415000.0,NEAR OCEAN
10.0743,500001.0,NEAR OCEAN
4.6406,500001.0,NEAR OCEAN
9.3694,500001.0,NEAR OCEAN
6.9533,500001.0,NEAR OCEAN
3.9688,356900.0,NEAR OCEAN
3.25,296400.0,NEAR OCEAN
4.8068,369700.0,NEAR OCEAN
4.4583,397100.0,NEAR OCEAN
6.1349,500001.0,NEAR OCEAN
5.0774,407200.0,NEAR OCEAN
7.3081,464600.0,NEAR OCEAN
6.7042,413000.0,NEAR OCEAN
7.7743,453100.0,NEAR OCEAN
6.6959,411200.0,NEAR OCEAN
4.0417,458500.0,NEAR OCEAN
6.3892,480800.0,NEAR OCEAN
5.4351,376600.0,NEAR OCEAN
6.0,384200.0,NEAR OCEAN
5.3261,376800.0,NEAR OCEAN
6.8336,457200.0,NEAR OCEAN
5.9539,379100.0,NEAR OCEAN
2.9405,340500.0,NEAR OCEAN
4.5116,337800.0,NEAR OCEAN
5.012,368200.0,NEAR OCEAN
5.539,396900.0,NEAR OCEAN
4.75,388200.0,NEAR OCEAN
4.6125,361700.0,NEAR OCEAN
5.779,387100.0,NEAR OCEAN
3.9722,354100.0,NEAR OCEAN
4.163,393800.0,NEAR OCEAN
4.0726,385400.0,NEAR OCEAN
3.1842,352800.0,NEAR OCEAN
3.9833,342800.0,NEAR OCEAN
2.6159,272900.0,NEAR OCEAN
4.2955,309700.0,NEAR OCEAN
4.7917,316000.0,NEAR OCEAN
4.9013,330100.0,NEAR OCEAN
3.32,292900.0,NEAR OCEAN
4.0,273700.0,NEAR OCEAN
4.6371,271100.0,NEAR OCEAN
4.7344,271800.0,NEAR OCEAN
5.5381,282000.0,NEAR OCEAN
5.5184,274800.0,NEAR OCEAN
4.39,270100.0,NEAR OCEAN
3.9699,293200.0,NEAR OCEAN
4.9091,293200.0,NEAR OCEAN
5.1701,294200.0,NEAR OCEAN
5.0081,298100.0,NEAR OCEAN
4.9464,282400.0,NEAR OCEAN
3.0278,310600.0,NEAR OCEAN
4.8047,438000.0,NEAR OCEAN
5.1207,310900.0,NEAR OCEAN
3.5,267400.0,NEAR OCEAN
3.5445,286700.0,NEAR OCEAN
5.3506,388100.0,NEAR OCEAN
4.0801,397800.0,NEAR OCEAN
4.0313,435200.0,NEAR OCEAN
5.4719,397900.0,NEAR OCEAN
6.8787,386800.0,NEAR OCEAN
5.5902,417000.0,NEAR OCEAN
5.4322,391000.0,NEAR OCEAN
8.1039,382200.0,NEAR OCEAN
7.7364,435800.0,NEAR OCEAN
8.4693,419200.0,NEAR OCEAN
4.3939,491200.0,NEAR OCEAN
3.7,339700.0,NEAR OCEAN
5.8964,414800.0,NEAR OCEAN
6.1004,426400.0,NEAR OCEAN
3.0833,256300.0,NEAR OCEAN
5.3264,258100.0,NEAR OCEAN
4.8382,289400.0,NEAR OCEAN
4.7708,253800.0,NEAR OCEAN
4.5075,364900.0,NEAR OCEAN
2.7075,323800.0,NEAR OCEAN
3.6111,341500.0,NEAR OCEAN
3.7045,360500.0,NEAR OCEAN
4.95,345000.0,NEAR OCEAN
4.224,349600.0,NEAR OCEAN
4.6366,395500.0,NEAR OCEAN
6.142,394700.0,NEAR OCEAN
5.6271,374800.0,NEAR OCEAN
6.1064,405000.0,NEAR OCEAN
7.4787,431300.0,NEAR OCEAN
6.5475,500001.0,NEAR OCEAN
6.912,457200.0,NEAR OCEAN
8.5184,500001.0,NEAR OCEAN
5.6038,451300.0,NEAR OCEAN
7.4678,500001.0,NEAR OCEAN
6.7058,495900.0,NEAR OCEAN
7.0001,500001.0,NEAR OCEAN
6.8879,500001.0,NEAR OCEAN
5.1071,314100.0,NEAR OCEAN
5.0863,440300.0,NEAR OCEAN
6.1244,308800.0,NEAR OCEAN
5.4688,305000.0,NEAR OCEAN
5.9062,383200.0,NEAR OCEAN
7.1621,500001.0,NEAR OCEAN
4.8966,362100.0,NEAR OCEAN
3.5322,361900.0,NEAR OCEAN
6.2154,362700.0,NEAR OCEAN
3.7463,427600.0,NEAR OCEAN
3.8684,265600.0,NEAR OCEAN
2.3333,241700.0,NEAR OCEAN
2.8058,229500.0,NEAR OCEAN
2.56,250000.0,NEAR OCEAN
2.5833,500001.0,NEAR OCEAN
2.92,202800.0,NEAR OCEAN
3.0472,211000.0,NEAR OCEAN
3.2708,255300.0,NEAR OCEAN
3.3268,322800.0,NEAR OCEAN
2.5,166700.0,NEAR OCEAN
3.1864,272800.0,NEAR OCEAN
3.3015,267700.0,NEAR OCEAN
3.623,276600.0,NEAR OCEAN
2.7969,298400.0,NEAR OCEAN
4.5556,318600.0,NEAR OCEAN
3.929,303100.0,NEAR OCEAN
4.2232,363700.0,NEAR OCEAN
4.4167,333800.0,NEAR OCEAN
7.1088,443300.0,NEAR OCEAN
6.1043,343500.0,NEAR OCEAN
5.9285,496000.0,NEAR OCEAN
5.6629,343600.0,NEAR OCEAN
4.3214,342700.0,NEAR OCEAN
5.0457,395100.0,NEAR OCEAN
7.7932,469900.0,NEAR OCEAN
6.0255,409300.0,NEAR OCEAN
9.8892,500001.0,NEAR OCEAN
15.0001,500001.0,NEAR OCEAN
15.0001,500001.0,NEAR OCEAN
10.8758,500001.0,NEAR OCEAN
15.0001,500001.0,NEAR OCEAN
5.1032,464600.0,NEAR OCEAN
8.2436,500001.0,NEAR OCEAN
9.3198,500001.0,NEAR OCEAN
8.9955,500001.0,NEAR OCEAN
7.3681,500001.0,NEAR OCEAN
4.6908,500001.0,NEAR OCEAN
5.2421,444500.0,NEAR OCEAN
6.6136,472800.0,NEAR OCEAN
5.2391,500001.0,NEAR OCEAN
8.6963,500001.0,NEAR OCEAN
5.7211,500001.0,NEAR OCEAN
7.4542,500001.0,NEAR OCEAN
8.4375,500001.0,NEAR OCEAN
9.7796,500001.0,NEAR OCEAN
11.9666,500001.0,NEAR OCEAN
8.2782,500001.0,NEAR OCEAN
10.0481,500001.0,NEAR OCEAN
11.3176,500001.0,NEAR OCEAN
8.2883,500001.0,NEAR OCEAN
5.1831,350000.0,NEAR OCEAN
8.7382,500001.0,NEAR OCEAN
15.0001,500001.0,NEAR OCEAN
10.2811,500001.0,NEAR OCEAN
6.3824,500001.0,NEAR OCEAN
7.652,500001.0,NEAR OCEAN
15.0001,500001.0,NEAR OCEAN
10.6514,500001.0,NEAR OCEAN
7.8633,500001.0,NEAR OCEAN
10.6868,500001.0,NEAR OCEAN
5.6286,411300.0,NEAR OCEAN
4.875,334600.0,NEAR OCEAN
3.1937,319200.0,NEAR OCEAN
4.7578,318500.0,NEAR OCEAN
6.7606,364300.0,NEAR OCEAN
5.9919,345100.0,NEAR OCEAN
6.1896,331100.0,NEAR OCEAN
6.3256,368000.0,NEAR OCEAN
7.2929,355800.0,NEAR OCEAN
8.2364,371800.0,NEAR OCEAN
4.5625,500000.0,NEAR OCEAN
4.8405,354300.0,NEAR OCEAN
7.439,500001.0,NEAR OCEAN
7.7773,456300.0,NEAR OCEAN
6.2263,500001.0,NEAR OCEAN
5.3951,277700.0,NEAR OCEAN
5.1002,319400.0,NEAR OCEAN
3.3047,286100.0,NEAR OCEAN
2.4717,295300.0,NEAR OCEAN
4.2109,450000.0,NEAR OCEAN
5.8635,348700.0,NEAR OCEAN
4.1375,395000.0,NEAR OCEAN
1.8432,327300.0,NEAR OCEAN
2.4701,290900.0,NEAR OCEAN
5.5073,263800.0,NEAR OCEAN
7.9248,500001.0,NEAR OCEAN
6.4744,500001.0,NEAR OCEAN
3.1364,357500.0,NEAR OCEAN
4.5278,340400.0,NEAR OCEAN
3.4047,294500.0,NEAR OCEAN
4.8021,351100.0,NEAR OCEAN
2.8,353000.0,NEAR OCEAN
2.2069,226500.0,NEAR OCEAN
3.5905,264700.0,NEAR OCEAN
2.6019,250000.0,NEAR OCEAN
2.6983,260100.0,NEAR OCEAN
4.0125,261000.0,NEAR OCEAN
2.6538,231800.0,NEAR OCEAN
4.375,335200.0,NEAR OCEAN
4.1842,364000.0,NEAR OCEAN
4.7411,336400.0,NEAR OCEAN
4.2283,326800.0,NEAR OCEAN
3.0938,312500.0,NEAR OCEAN
4.3214,341800.0,NEAR OCEAN
4.0451,395100.0,NEAR OCEAN
3.6823,255000.0,NEAR OCEAN
2.6607,226500.0,NEAR OCEAN
2.8042,236100.0,NEAR OCEAN
2.25,281300.0,NEAR OCEAN
3.3776,283200.0,NEAR OCEAN
5.0434,340400.0,NEAR OCEAN
6.8927,500001.0,NEAR OCEAN
2.303,261000.0,NEAR OCEAN
5.3279,413900.0,NEAR OCEAN
5.4127,392800.0,NEAR OCEAN
4.9044,335300.0,NEAR OCEAN
5.5959,346200.0,NEAR OCEAN
4.4375,350000.0,NEAR OCEAN
3.2895,335000.0,NEAR OCEAN
5.0,329400.0,NEAR OCEAN
5.345,322600.0,NEAR OCEAN
5.2039,301300.0,NEAR OCEAN
2.0625,314300.0,NEAR OCEAN
2.6397,250000.0,NEAR OCEAN
3.233,346000.0,NEAR OCEAN
3.2125,251000.0,NEAR OCEAN
2.7864,300000.0,NEAR OCEAN
11.7794,500001.0,NEAR OCEAN
3.9224,230600.0,NEAR OCEAN
3.1912,226400.0,NEAR OCEAN
4.4519,227900.0,NEAR OCEAN
3.8582,215200.0,NEAR OCEAN
5.5221,394900.0,NEAR OCEAN
5.5106,290900.0,NEAR OCEAN
2.9479,243100.0,NEAR OCEAN
3.0185,500001.0,NEAR OCEAN
2.5743,309800.0,NEAR OCEAN
4.2026,259800.0,NEAR OCEAN
6.6054,500001.0,NEAR OCEAN
5.3154,289400.0,NEAR OCEAN
4.2222,375000.0,NEAR OCEAN
4.6554,272300.0,NEAR OCEAN
5.5194,367000.0,NEAR OCEAN
6.2094,440000.0,NEAR OCEAN
2.8906,84400.0,NEAR OCEAN
5.1909,390200.0,NEAR OCEAN
3.9375,292900.0,NEAR OCEAN
2.2791,114800.0,NEAR OCEAN
2.5809,83200.0,NEAR OCEAN
2.1776,89100.0,NEAR OCEAN
2.4318,86100.0,NEAR OCEAN
2.1094,73800.0,NEAR OCEAN
2.7377,28300.0,NEAR OCEAN
4.3162,136400.0,NEAR OCEAN
2.0161,118800.0,NEAR OCEAN
1.6488,117500.0,NEAR OCEAN
1.9444,129400.0,NEAR OCEAN
3.071,120400.0,NEAR OCEAN
2.4583,128100.0,NEAR OCEAN
0.8106,83300.0,NEAR OCEAN
4.6023,163400.0,NEAR OCEAN
3.8512,134600.0,NEAR OCEAN
3.0352,135400.0,NEAR OCEAN
2.0865,111500.0,NEAR OCEAN
2.0819,103300.0,NEAR OCEAN
2.5966,109300.0,NEAR OCEAN
2.3333,130200.0,NEAR OCEAN
4.2875,150700.0,NEAR OCEAN
3.3203,134700.0,NEAR OCEAN
1.975,134000.0,NEAR OCEAN
1.9257,135300.0,NEAR OCEAN
3.1442,131600.0,NEAR OCEAN
2.0,87500.0,NEAR OCEAN
2.9271,146600.0,NEAR OCEAN
2.3804,148000.0,NEAR OCEAN
3.4063,138000.0,NEAR OCEAN
3.2167,112500.0,NEAR OCEAN
3.7778,150000.0,NEAR OCEAN
4.5486,172400.0,NEAR OCEAN
4.5417,142400.0,NEAR OCEAN
4.7875,198300.0,NEAR OCEAN
3.0081,135200.0,NEAR OCEAN
4.9237,166600.0,NEAR OCEAN
2.5667,239300.0,NEAR OCEAN
4.1563,172600.0,NEAR OCEAN
4.4628,134400.0,NEAR OCEAN
4.9286,180100.0,NEAR OCEAN
3.7917,142200.0,NEAR OCEAN
5.3765,223100.0,NEAR OCEAN
6.4678,249300.0,NEAR OCEAN
4.9292,207200.0,NEAR OCEAN
4.4595,152700.0,NEAR OCEAN
5.6177,183800.0,NEAR OCEAN
4.7946,290600.0,NEAR OCEAN
3.87,125800.0,NEAR OCEAN
3.6023,128300.0,NEAR OCEAN
6.2685,307400.0,NEAR OCEAN
1.179,225000.0,NEAR OCEAN
2.2647,216700.0,NEAR OCEAN
2.1652,37500.0,NEAR OCEAN
3.3026,229500.0,NEAR OCEAN
4.4777,282500.0,NEAR OCEAN
3.75,223100.0,NEAR OCEAN
3.6304,312200.0,NEAR OCEAN
6.0992,268800.0,NEAR OCEAN
5.4197,280900.0,NEAR OCEAN
4.2404,274300.0,NEAR OCEAN
6.3654,331200.0,NEAR OCEAN
6.0256,276800.0,NEAR OCEAN
7.4734,432200.0,NEAR OCEAN
7.1687,384400.0,NEAR OCEAN
6.2987,348200.0,NEAR OCEAN
5.5954,261400.0,NEAR OCEAN
5.5184,268300.0,NEAR OCEAN
5.0767,271200.0,NEAR OCEAN
6.0321,402600.0,NEAR OCEAN
3.8056,425000.0,NEAR OCEAN
1.5071,316700.0,NEAR OCEAN
1.24,325000.0,NEAR OCEAN
2.1471,187500.0,NEAR OCEAN
6.5173,334000.0,NEAR OCEAN
4.6806,288900.0,NEAR OCEAN
6.7247,333800.0,NEAR OCEAN
3.0875,198400.0,NEAR OCEAN
4.875,295400.0,NEAR OCEAN
3.2115,206300.0,NEAR OCEAN
3.0773,112500.0,NEAR OCEAN
3.6034,150000.0,NEAR OCEAN
2.7689,228200.0,NEAR OCEAN
2.1389,260000.0,NEAR OCEAN
2.1417,205000.0,NEAR OCEAN
5.1271,342500.0,NEAR OCEAN
9.7821,500001.0,NEAR OCEAN
9.6885,500001.0,NEAR OCEAN
5.0294,280200.0,NEAR OCEAN
4.6957,271500.0,NEAR OCEAN
5.6604,276400.0,NEAR OCEAN
4.1797,271800.0,NEAR OCEAN
4.835,353400.0,NEAR OCEAN
5.1615,276200.0,NEAR OCEAN
11.0492,500001.0,NEAR OCEAN
4.0972,387500.0,NEAR OCEAN
10.7237,500001.0,NEAR OCEAN
2.625,137500.0,NEAR OCEAN
6.4469,271400.0,NEAR OCEAN
4.9808,263100.0,NEAR OCEAN
5.8123,281500.0,NEAR OCEAN
4.3409,256300.0,NEAR OCEAN
3.5562,239200.0,NEAR OCEAN
3.6902,233000.0,NEAR OCEAN
4.0417,265300.0,NEAR OCEAN
2.7875,245000.0,NEAR OCEAN
2.1734,187500.0,NEAR OCEAN
3.2368,212500.0,NEAR OCEAN
5.6188,404700.0,NEAR OCEAN
6.7974,367600.0,NEAR OCEAN
5.3972,362300.0,NEAR OCEAN
2.4732,131300.0,NEAR OCEAN
3.6797,263800.0,NEAR OCEAN
4.2542,294100.0,NEAR OCEAN
4.2254,320900.0,NEAR OCEAN
2.9286,258300.0,NEAR OCEAN
5.1806,266400.0,NEAR OCEAN
3.8259,253100.0,NEAR OCEAN
5.2128,238600.0,NEAR OCEAN
3.2437,223900.0,NEAR OCEAN
2.1553,255400.0,NEAR OCEAN
2.5954,229400.0,NEAR OCEAN
2.7125,217500.0,NEAR OCEAN
1.9063,166700.0,NEAR OCEAN
1.9286,195300.0,NEAR OCEAN
2.5417,260900.0,NEAR OCEAN
2.9444,232800.0,NEAR OCEAN
2.5368,240000.0,NEAR OCEAN
4.3,275000.0,NEAR OCEAN
2.589,242400.0,NEAR OCEAN
3.1205,240500.0,NEAR OCEAN
3.1932,400000.0,NEAR OCEAN
2.0547,326700.0,NEAR OCEAN
2.1964,234400.0,NEAR OCEAN
3.2404,225000.0,NEAR OCEAN
1.6923,262500.0,NEAR OCEAN
4.4659,237500.0,NEAR OCEAN
2.5067,232600.0,NEAR OCEAN
1.1552,250000.0,NEAR OCEAN
1.6642,281300.0,NEAR OCEAN
2.0172,112500.0,NEAR OCEAN
3.5938,243500.0,NEAR OCEAN
2.425,216100.0,NEAR OCEAN
4.1964,202000.0,NEAR OCEAN
2.1667,196400.0,NEAR OCEAN
2.5865,206400.0,NEAR OCEAN
3.52,284200.0,NEAR OCEAN
4.4567,263800.0,NEAR OCEAN
3.1312,388500.0,NEAR OCEAN
4.2045,226500.0,NEAR OCEAN
4.5,258300.0,NEAR OCEAN
3.8269,276000.0,NEAR OCEAN
3.9667,265800.0,NEAR OCEAN
2.9712,116600.0,NEAR OCEAN
2.5556,177500.0,NEAR OCEAN
5.2101,334000.0,NEAR OCEAN
5.1412,315800.0,NEAR OCEAN
4.7188,350000.0,NEAR OCEAN
4.9792,240000.0,NEAR OCEAN
3.9408,222600.0,NEAR OCEAN
3.6474,231600.0,NEAR OCEAN
4.125,239600.0,NEAR OCEAN
4.3429,214300.0,NEAR OCEAN
4.425,204800.0,NEAR OCEAN
5.0165,202300.0,NEAR OCEAN
2.7933,206900.0,NEAR OCEAN
5.5785,284100.0,NEAR OCEAN
5.1664,185100.0,NEAR OCEAN
7.1831,273300.0,NEAR OCEAN
7.1366,273900.0,NEAR OCEAN
5.208,206800.0,NEAR OCEAN
4.4597,204100.0,NEAR OCEAN
3.9423,180300.0,NEAR OCEAN
4.0781,154500.0,NEAR OCEAN
5.2417,196400.0,NEAR OCEAN
4.5972,146300.0,NEAR OCEAN
6.0809,270000.0,NEAR OCEAN
4.1679,201300.0,NEAR OCEAN
3.8625,232300.0,NEAR OCEAN
4.1161,220900.0,NEAR OCEAN
4.5096,203700.0,NEAR OCEAN
3.8854,312300.0,NEAR OCEAN
5.6233,322000.0,NEAR OCEAN
10.0968,500001.0,NEAR OCEAN
5.2078,440500.0,NEAR OCEAN
4.8,261500.0,NEAR OCEAN
4.8611,240000.0,NEAR OCEAN
3.9728,190900.0,NEAR OCEAN
5.1121,308100.0,NEAR OCEAN
5.5919,373400.0,NEAR OCEAN
4.625,386400.0,NEAR OCEAN
6.3258,390000.0,NEAR OCEAN
5.2486,353000.0,NEAR OCEAN
6.0621,304400.0,NEAR OCEAN
5.9039,355300.0,NEAR OCEAN
4.5682,371600.0,NEAR OCEAN
3.5943,262400.0,NEAR OCEAN
4.8269,272900.0,NEAR OCEAN
3.075,215800.0,NEAR OCEAN
3.6364,207000.0,NEAR OCEAN
4.6484,234600.0,NEAR OCEAN
3.1914,215600.0,NEAR OCEAN
3.7273,251900.0,NEAR OCEAN
3.1167,258300.0,NEAR OCEAN
2.1771,213200.0,NEAR OCEAN
2.8941,256700.0,NEAR OCEAN
4.7321,422400.0,NEAR OCEAN
2.625,377300.0,NEAR OCEAN
4.7468,294400.0,NEAR OCEAN
2.8036,228500.0,NEAR OCEAN
2.561,234600.0,NEAR OCEAN
3.6619,245100.0,NEAR OCEAN
2.6757,229200.0,NEAR OCEAN
3.7083,252400.0,NEAR OCEAN
2.7587,228600.0,NEAR OCEAN
3.0777,263800.0,NEAR OCEAN
4.2006,290700.0,NEAR OCEAN
3.0905,264300.0,NEAR OCEAN
3.1546,261200.0,NEAR OCEAN
2.5172,330800.0,NEAR OCEAN
4.7325,283500.0,NEAR OCEAN
4.1587,315200.0,NEAR OCEAN
3.3447,305200.0,NEAR OCEAN
2.7375,238000.0,NEAR OCEAN
4.2898,221700.0,NEAR OCEAN
4.8693,322300.0,NEAR OCEAN
2.6875,233300.0,NEAR OCEAN
4.8953,289500.0,NEAR OCEAN
3.5112,231900.0,NEAR OCEAN
3.6597,252300.0,NEAR OCEAN
5.8325,308800.0,NEAR OCEAN
4.4485,295200.0,NEAR OCEAN
6.0281,321100.0,NEAR OCEAN
5.3276,335500.0,NEAR OCEAN
4.9219,368400.0,NEAR OCEAN
4.9517,307900.0,NEAR OCEAN
5.368,352000.0,NEAR OCEAN
3.1563,300000.0,NEAR OCEAN
2.1719,420000.0,NEAR OCEAN
2.6161,132500.0,NEAR OCEAN
2.0556,120000.0,NEAR OCEAN
1.3712,118300.0,NEAR OCEAN
2.6726,153100.0,NEAR OCEAN
3.3125,295400.0,NEAR OCEAN
2.7171,131300.0,NEAR OCEAN
3.3536,157500.0,NEAR OCEAN
3.9167,232600.0,NEAR OCEAN
2.3611,112500.0,NEAR OCEAN
3.8589,268800.0,NEAR OCEAN
5.6445,364800.0,NEAR OCEAN
4.1319,245000.0,NEAR OCEAN
2.4375,225000.0,NEAR OCEAN
2.5441,161200.0,NEAR OCEAN
2.4659,231300.0,NEAR OCEAN
12.632,500001.0,NEAR OCEAN
3.2279,243100.0,NEAR OCEAN
4.8105,313000.0,NEAR OCEAN
3.5822,219900.0,NEAR OCEAN
4.2656,241400.0,NEAR OCEAN
4.69,199300.0,NEAR OCEAN
3.2917,225000.0,NEAR OCEAN
5.2953,279400.0,NEAR OCEAN
5.2681,500001.0,NEAR OCEAN
2.98,259200.0,NEAR OCEAN
4.8583,224200.0,NEAR OCEAN
5.6885,268200.0,NEAR OCEAN
6.311,283200.0,NEAR OCEAN
2.9821,175700.0,NEAR OCEAN
4.8472,500001.0,NEAR OCEAN
2.475,225000.0,NEAR OCEAN
4.0,219200.0,NEAR OCEAN
4.763,232700.0,NEAR OCEAN
5.9181,221100.0,NEAR OCEAN
2.25,75000.0,NEAR OCEAN
5.215,279500.0,NEAR OCEAN
6.0661,234800.0,NEAR OCEAN
4.0905,236500.0,NEAR OCEAN
6.1885,267300.0,NEAR OCEAN
3.2158,223600.0,NEAR OCEAN
2.375,55000.0,NEAR OCEAN
4.2448,157300.0,NEAR OCEAN
3.4018,145200.0,NEAR OCEAN
3.445,203400.0,NEAR OCEAN
3.3452,217600.0,NEAR OCEAN
4.1845,199500.0,NEAR OCEAN
5.1752,218000.0,NEAR OCEAN
5.5275,228900.0,NEAR OCEAN
4.1667,214600.0,NEAR OCEAN
4.9079,234100.0,NEAR OCEAN
5.4087,223200.0,NEAR OCEAN
3.8162,235000.0,NEAR OCEAN
3.8889,187500.0,NEAR OCEAN
3.4006,219400.0,NEAR OCEAN
5.0679,234300.0,NEAR OCEAN
4.2381,229300.0,NEAR OCEAN
6.729,409300.0,NEAR OCEAN
5.7601,281100.0,NEAR OCEAN
6.9483,404300.0,NEAR OCEAN
5.5048,303600.0,NEAR OCEAN
5.533,299700.0,NEAR OCEAN
4.7333,257500.0,NEAR OCEAN
3.5819,231900.0,NEAR OCEAN
3.0799,254100.0,NEAR OCEAN
4.8824,396400.0,NEAR OCEAN
5.2261,303200.0,NEAR OCEAN
4.4038,229100.0,NEAR OCEAN
4.8977,358200.0,NEAR OCEAN
4.125,349000.0,NEAR OCEAN
5.3254,385200.0,NEAR OCEAN
3.5294,323900.0,NEAR OCEAN
3.5385,186800.0,NEAR OCEAN
2.6333,170800.0,NEAR OCEAN
2.3669,165300.0,NEAR OCEAN
1.9286,160500.0,NEAR OCEAN
3.9063,192700.0,NEAR OCEAN
2.3147,192500.0,NEAR OCEAN
1.6007,187500.0,NEAR OCEAN
3.6007,395500.0,NEAR OCEAN
4.1898,359100.0,NEAR OCEAN
2.9018,275000.0,NEAR OCEAN
6.194,500001.0,NEAR OCEAN
4.09,203800.0,NEAR OCEAN
3.1757,206300.0,NEAR OCEAN
2.375,198400.0,NEAR OCEAN
3.5893,206600.0,NEAR OCEAN
4.6667,384600.0,NEAR OCEAN
3.0089,166700.0,NEAR OCEAN
3.5,221200.0,NEAR OCEAN
3.2792,220500.0,NEAR OCEAN
3.8125,244500.0,NEAR OCEAN
2.67,214900.0,NEAR OCEAN
4.7727,219000.0,NEAR OCEAN
3.7337,209000.0,NEAR OCEAN
3.6413,212700.0,NEAR OCEAN
4.0069,214300.0,NEAR OCEAN
8.0,275000.0,NEAR OCEAN
5.6756,301800.0,NEAR OCEAN
3.2847,112500.0,NEAR OCEAN
3.375,218800.0,NEAR OCEAN
3.125,219900.0,NEAR OCEAN
4.5,234300.0,NEAR OCEAN
3.9063,198700.0,NEAR OCEAN
4.1949,197100.0,NEAR OCEAN
3.1103,143500.0,NEAR OCEAN
1.9704,160300.0,NEAR OCEAN
3.015,149300.0,NEAR OCEAN
2.3077,106900.0,NEAR OCEAN
3.8625,234700.0,NEAR OCEAN
4.3897,257600.0,NEAR OCEAN
4.2227,235400.0,NEAR OCEAN
2.9185,224500.0,NEAR OCEAN
2.1542,253900.0,NEAR OCEAN
3.8239,208200.0,NEAR OCEAN
3.087,213900.0,NEAR OCEAN
3.3409,220500.0,NEAR OCEAN
1.6953,167400.0,NEAR OCEAN
2.6964,170800.0,NEAR OCEAN
1.5625,87500.0,NEAR OCEAN
4.3693,423300.0,NEAR OCEAN
6.4522,500001.0,NEAR OCEAN
3.6875,500001.0,NEAR OCEAN
3.748,380400.0,NEAR OCEAN
4.7443,229500.0,NEAR OCEAN
5.035,242900.0,NEAR OCEAN
4.4292,231200.0,NEAR OCEAN
5.0016,218500.0,NEAR OCEAN
4.2212,185400.0,NEAR OCEAN
3.2212,180500.0,NEAR OCEAN
4.6186,181100.0,NEAR OCEAN
2.8561,179100.0,NEAR OCEAN
3.2196,175800.0,NEAR OCEAN
2.9118,172400.0,NEAR OCEAN
4.2137,185600.0,NEAR OCEAN
3.5867,182100.0,NEAR OCEAN
2.6667,164900.0,NEAR OCEAN
4.0074,188000.0,NEAR OCEAN
3.6597,195100.0,NEAR OCEAN
3.2314,186800.0,NEAR OCEAN
4.2583,187300.0,NEAR OCEAN
3.9331,187600.0,NEAR OCEAN
3.6546,186200.0,NEAR OCEAN
4.4567,191100.0,NEAR OCEAN
3.9722,189000.0,NEAR OCEAN
4.4187,183400.0,NEAR OCEAN
2.725,450000.0,NEAR OCEAN
2.9832,165600.0,NEAR OCEAN
3.9718,215200.0,NEAR OCEAN
3.1989,185400.0,NEAR OCEAN
1.4773,160800.0,NEAR OCEAN
4.3427,305800.0,NEAR OCEAN
5.2783,167400.0,NEAR OCEAN
3.9643,186000.0,NEAR OCEAN
2.4167,192000.0,NEAR OCEAN
4.5828,205400.0,NEAR OCEAN
2.6098,146100.0,NEAR OCEAN
4.0222,206800.0,NEAR OCEAN
4.8125,194400.0,NEAR OCEAN
2.726,67500.0,NEAR OCEAN
2.0368,243800.0,NEAR OCEAN
1.6964,175000.0,NEAR OCEAN
4.43,207700.0,NEAR OCEAN
3.9485,196600.0,NEAR OCEAN
3.6167,280000.0,NEAR OCEAN
4.1279,223900.0,NEAR OCEAN
1.6038,194300.0,NEAR OCEAN
3.0972,169300.0,NEAR OCEAN
3.65,189300.0,NEAR OCEAN
4.0878,186800.0,NEAR OCEAN
2.7556,213200.0,NEAR OCEAN
2.5714,500001.0,NEAR OCEAN
2.4643,182000.0,NEAR OCEAN
3.5625,194100.0,NEAR OCEAN
2.8942,275000.0,NEAR OCEAN
7.3004,125000.0,NEAR OCEAN
4.0208,52500.0,NEAR OCEAN
5.0066,275000.0,NEAR OCEAN
7.8528,337500.0,NEAR OCEAN
4.2857,233200.0,NEAR OCEAN
10.1597,500001.0,NEAR OCEAN
6.4001,321800.0,NEAR OCEAN
5.4346,428600.0,NEAR OCEAN
6.6122,357600.0,NEAR OCEAN
6.8075,325900.0,NEAR OCEAN
